-- phpMyAdmin SQL Dump
-- version 4.9.5
-- https://www.phpmyadmin.net/
--
-- Host: localhost:3306
-- Generation Time: 02 يوليو 2020 الساعة 11:36
-- إصدار الخادم: 10.3.23-MariaDB
-- PHP Version: 7.3.6

SET SQL_MODE = "NO_AUTO_VALUE_ON_ZERO";
SET AUTOCOMMIT = 0;
START TRANSACTION;
SET time_zone = "+00:00";


/*!40101 SET @OLD_CHARACTER_SET_CLIENT=@@CHARACTER_SET_CLIENT */;
/*!40101 SET @OLD_CHARACTER_SET_RESULTS=@@CHARACTER_SET_RESULTS */;
/*!40101 SET @OLD_COLLATION_CONNECTION=@@COLLATION_CONNECTION */;
/*!40101 SET NAMES utf8mb4 */;

--
-- Database: `uriallab_bubbles`
--

-- --------------------------------------------------------

--
-- بنية الجدول `admins`
--

CREATE TABLE `admins` (
  `id` tinyint(3) UNSIGNED NOT NULL,
  `username` varchar(191) COLLATE utf8mb4_unicode_ci NOT NULL,
  `email` varchar(191) COLLATE utf8mb4_unicode_ci NOT NULL,
  `password` varchar(191) COLLATE utf8mb4_unicode_ci NOT NULL,
  `reset_password_code` varchar(191) COLLATE utf8mb4_unicode_ci DEFAULT NULL,
  `remember_token` varchar(100) COLLATE utf8mb4_unicode_ci DEFAULT NULL,
  `created_at` timestamp NULL DEFAULT NULL,
  `updated_at` timestamp NULL DEFAULT NULL
) ENGINE=InnoDB DEFAULT CHARSET=utf8mb4 COLLATE=utf8mb4_unicode_ci;

--
-- إرجاع أو استيراد بيانات الجدول `admins`
--

INSERT INTO `admins` (`id`, `username`, `email`, `password`, `reset_password_code`, `remember_token`, `created_at`, `updated_at`) VALUES
(1, 'admin', 'admin@admin.com', '$2y$10$aZvVFLvPmEvUQtZNTPVjJ.oTp.m2A5Ka3jdT9uaI012C2UpCj8IM6', NULL, 'XU0pQcelubVCJDPKXKC52pgc8eHUwbMCBme20n3cbLEZzxGaNiinVFqKBuwU', NULL, NULL);

-- --------------------------------------------------------

--
-- بنية الجدول `attaches`
--

CREATE TABLE `attaches` (
  `id` bigint(20) UNSIGNED NOT NULL,
  `package_id` int(10) UNSIGNED NOT NULL,
  `image` varchar(191) COLLATE utf8mb4_unicode_ci NOT NULL,
  `created_at` timestamp NULL DEFAULT NULL,
  `updated_at` timestamp NULL DEFAULT NULL
) ENGINE=InnoDB DEFAULT CHARSET=utf8mb4 COLLATE=utf8mb4_unicode_ci;

--
-- إرجاع أو استيراد بيانات الجدول `attaches`
--

INSERT INTO `attaches` (`id`, `package_id`, `image`, `created_at`, `updated_at`) VALUES
(1, 3, 'f852b5ae768c5fafceacdd41336f2640.png', '2020-01-14 12:37:50', '2020-01-14 12:37:50'),
(2, 4, '8e95b2ea452b57f653e43d59a94432fc.png', '2020-01-14 12:40:10', '2020-01-14 12:40:10'),
(3, 5, '73ee346643360d4e8d4a811ba9276aa3.png', '2020-01-16 10:44:11', '2020-01-16 10:44:11'),
(5, 7, '36ef2ecfff242a9af84bb1e2028f9364.jpeg', '2020-01-16 13:18:52', '2020-01-16 13:18:52'),
(8, 10, '8da9fa0176761cb0c4cd9338dc0c1b26.png', '2020-01-20 14:58:03', '2020-01-20 14:58:03'),
(9, 10, '0f9d0e45664032fc63792a214c3e22f2.png', '2020-01-20 14:58:03', '2020-01-20 14:58:03'),
(10, 11, '1522f466d6e0f4b79e47ee5418d1dd38.png', '2020-01-22 09:08:28', '2020-01-22 09:08:28'),
(11, 11, '348a07641b3556944df218707caa9f85.png', '2020-01-22 09:08:28', '2020-01-22 09:08:28'),
(12, 12, '466aa301b340f40d57660643e3c16251.png', '2020-01-22 09:08:35', '2020-01-22 09:08:35'),
(13, 12, '94fa40975c0a531ed545db25b722b8c8.png', '2020-01-22 09:08:35', '2020-01-22 09:08:35'),
(14, 13, 'c630fbbbfad28fbb54252fba333c7438.jpeg', '2020-01-22 10:33:44', '2020-01-22 10:33:44'),
(15, 14, '3fc677196e685c75f99e948131374b06.jpg', '2020-02-04 15:49:11', '2020-02-04 15:49:11'),
(17, 15, 'a6db4242e2981e3867b0bfc94e009d86.png', '2020-02-25 10:07:28', '2020-02-25 10:07:28'),
(18, 16, '3908251fd00116d549862dead030ff4a.png', '2020-02-26 10:45:53', '2020-02-26 10:45:53'),
(19, 16, '07edc85871f61dddc3aed61e58d331e8.png', '2020-02-26 10:45:53', '2020-02-26 10:45:53'),
(20, 17, 'f3be0c62299fcb8bdb6ff10a4e4ea7e8.png', '2020-03-05 12:53:15', '2020-03-05 12:53:15'),
(21, 18, '40ba593c0149f98c35710a7ffcea5434.png', '2020-03-05 12:53:53', '2020-03-05 12:53:53'),
(22, 19, '658751e69267f1cc124d23fe8a6b4c65.png', '2020-03-05 13:12:19', '2020-03-05 13:12:19'),
(23, 19, 'ba81d3908def9f2ef37de067ac2daefc.png', '2020-03-05 13:12:19', '2020-03-05 13:12:19'),
(24, 19, 'dd4dd8ca72a886a2a0e5af2c6e1b6924.png', '2020-03-05 13:12:19', '2020-03-05 13:12:19'),
(25, 19, '04a0088e9529a34e1a0f8fdd1610a31a.png', '2020-03-05 13:12:19', '2020-03-05 13:12:19'),
(26, 20, '533c1fe72a2cfb5a9c0202ee14e1683c.png', '2020-03-05 13:45:20', '2020-03-05 13:45:20'),
(27, 21, '6f362c6c5cecabd0c6e180f7c629cb7f.png', '2020-03-08 12:20:54', '2020-03-08 12:20:54'),
(28, 22, 'f76b4a404458778da6c779d4da96e540.png', '2020-03-08 12:41:46', '2020-03-08 12:41:46'),
(29, 22, 'a09ae971160d965c0ba9c64041cf199b.png', '2020-03-08 12:41:46', '2020-03-08 12:41:46'),
(30, 23, '93b1e585cc7c449c7f8bcb870d8f456a.png', '2020-03-08 13:26:58', '2020-03-08 13:26:58'),
(31, 23, '5323d1785a4ba6268947208c9a2b4edc.png', '2020-03-08 13:26:58', '2020-03-08 13:26:58'),
(32, 10, '54e6f6d83181ae7805d4e4102f630231.png', '2020-03-08 13:28:21', '2020-03-08 13:28:21'),
(33, 10, 'ebdf5455f1b1ba1b6b104ede39bffae7.png', '2020-03-08 13:28:21', '2020-03-08 13:28:21'),
(34, 24, 'bdf8e37334b4a3fa79b21346dc792b10.jpg', '2020-03-23 18:45:18', '2020-03-23 18:45:18'),
(35, 24, '77469bf4ef707bd12054e4c21d233b28.jpg', '2020-03-23 18:45:18', '2020-03-23 18:45:18'),
(36, 25, 'a760be91823236ac1f1afe095907fd19.jpg', '2020-03-23 18:46:02', '2020-03-23 18:46:02'),
(37, 25, 'a6845881358a3239caf833c9aa2851f7.jpg', '2020-03-23 18:46:02', '2020-03-23 18:46:02'),
(38, 28, '867ef4681bdd5d0ea8cfd32a45bd7355.png', '2020-03-24 09:45:20', '2020-03-24 09:45:20'),
(39, 36, '0622c0967d8e11f2cd10b6fca0250506.jpg', '2020-03-24 09:58:27', '2020-03-24 09:58:27'),
(40, 36, '6a4cd1160908de659e14d12c2f8e5a32.jpg', '2020-03-24 09:58:27', '2020-03-24 09:58:27'),
(41, 37, '1cf056a7a54b15398651a3fbbbadc08a.jpeg', '2020-03-24 10:00:51', '2020-03-24 10:00:51'),
(42, 37, '88aec66ff28e2fbdaf59797afd70d60b.jpeg', '2020-03-24 10:00:51', '2020-03-24 10:00:51'),
(43, 38, '1c741967086a1e8eb576926da6db852d.jpeg', '2020-03-24 10:01:01', '2020-03-24 10:01:01'),
(44, 38, '30d4bcbed0778cb102a85174d122794a.jpeg', '2020-03-24 10:01:01', '2020-03-24 10:01:01'),
(45, 39, '346d0f0205de8d7aaff217ddb4483ae6.jpeg', '2020-03-24 10:01:14', '2020-03-24 10:01:14'),
(46, 39, '11260f17aff3a5dd2de8768c74d4e59a.jpeg', '2020-03-24 10:01:14', '2020-03-24 10:01:14'),
(47, 40, 'b38c989bd3bbc48d1db4a9bef6071014.png', '2020-03-24 10:04:00', '2020-03-24 10:04:00'),
(48, 41, 'f6751eb29ce8b3c36f461e5fc2197358.jpeg', '2020-03-24 10:04:19', '2020-03-24 10:04:19'),
(49, 41, 'fcb9b9055acd2d8fa32892f2a2fb0d29.jpeg', '2020-03-24 10:04:19', '2020-03-24 10:04:19'),
(50, 42, 'a12de4924cda28c7a1cd0f5031ad36fe.jpeg', '2020-03-24 10:27:08', '2020-03-24 10:27:08'),
(51, 66, '6f6bd9d9a82c5fa5617da17a06efc823.png', '2020-03-30 10:36:54', '2020-03-30 10:36:54'),
(52, 67, 'a4a798f97e99d3df051705ec9597b10d.png', '2020-03-30 10:37:44', '2020-03-30 10:37:44'),
(53, 67, '0bc53c5dbdefdac0d230171154f07896.png', '2020-03-30 10:37:44', '2020-03-30 10:37:44'),
(54, 68, '9e0d9b08b36df12914ae1bb2237d72f3.jpeg', '2020-03-30 10:40:04', '2020-03-30 10:40:04'),
(55, 68, 'c82cbe7600ec70aff9838e7e09354103.jpeg', '2020-03-30 10:40:04', '2020-03-30 10:40:04'),
(56, 69, '821ce2fbabb2e1583d737ee189fc23d2.jpeg', '2020-03-30 10:59:26', '2020-03-30 10:59:26'),
(57, 70, '9251d9cf02c8ed63f30500854623e19c.jpeg', '2020-03-30 11:03:19', '2020-03-30 11:03:19'),
(58, 71, '21fb2748c150c211153e82963478da41.jpeg', '2020-03-30 11:06:25', '2020-03-30 11:06:25'),
(59, 72, 'fcb02255feccf56a13a96d3be146b6ae.jpeg', '2020-03-30 11:30:04', '2020-03-30 11:30:04'),
(60, 73, '3c32128cf11a502edd587ac4024fa7db.jpeg', '2020-03-30 11:38:25', '2020-03-30 11:38:25'),
(61, 74, 'a04c543eed7ac82916cc8d69e1c709ab.jpeg', '2020-03-30 12:01:25', '2020-03-30 12:01:25'),
(62, 75, '7c73fcb651cce37de56ae1bf33d87e5a.jpeg', '2020-03-30 12:07:08', '2020-03-30 12:07:08'),
(63, 76, '271bf5195f7f2634453c1ca54e103fd8.jpeg', '2020-03-31 11:34:52', '2020-03-31 11:34:52'),
(64, 77, '58d73d8140dcc54f292f4dbd374533ae.jpeg', '2020-03-31 13:14:15', '2020-03-31 13:14:15'),
(65, 78, '864ae64c083005d3b348b7a019326596.jpeg', '2020-03-31 13:56:23', '2020-03-31 13:56:23'),
(66, 79, '1b2badeddb3761e1990f0bd17b7cd310.jpeg', '2020-03-31 14:27:34', '2020-03-31 14:27:34'),
(67, 80, '2e319c35fc333bb58b221c33f99d2308.jpeg', '2020-03-31 14:56:28', '2020-03-31 14:56:28'),
(68, 81, '8332b67f3c60d51e211fb9160b0e8991.png', '2020-04-01 09:52:37', '2020-04-01 09:52:37'),
(69, 81, 'aef7144817c670cea7d868156135a067.png', '2020-04-01 09:52:37', '2020-04-01 09:52:37'),
(70, 81, 'c031890f1945cd389dc651b7d92c6c05.png', '2020-04-01 09:52:37', '2020-04-01 09:52:37'),
(71, 82, 'a30e5ed96984f223225d3d2e139b2cfe.png', '2020-04-01 09:53:40', '2020-04-01 09:53:40'),
(72, 82, '1df04f6e0f8812c2f9dbbfde98ab25b6.png', '2020-04-01 09:53:40', '2020-04-01 09:53:40'),
(73, 82, 'a40533b72d398974dc74f7e754744c05.png', '2020-04-01 09:53:40', '2020-04-01 09:53:40'),
(74, 82, '4a9ba21a8300edbcb9077f7b73608582.png', '2020-04-01 09:53:40', '2020-04-01 09:53:40'),
(75, 83, '3121e03c305b2e26552c0a6013478917.png', '2020-04-01 09:54:31', '2020-04-01 09:54:31'),
(76, 83, '1616c99435579d6f508a27394fa46fb4.png', '2020-04-01 09:54:31', '2020-04-01 09:54:31'),
(77, 83, '5eaf534e02095740a7ea081817d30d78.png', '2020-04-01 09:54:31', '2020-04-01 09:54:31'),
(78, 84, 'acc10e038e91e4913a8c3af7bfb545fa.png', '2020-04-01 09:55:11', '2020-04-01 09:55:11'),
(79, 85, '95cfd926db867098d56a74a3f7a781e0.jpg', '2020-04-01 15:35:12', '2020-04-01 15:35:12'),
(80, 85, 'd679d1ba0493357e3ceec508326abb68.jpg', '2020-04-01 15:35:12', '2020-04-01 15:35:12'),
(81, 86, 'b3eb91710bd11425896108960eaade8f.png', '2020-04-01 18:59:20', '2020-04-01 18:59:20'),
(82, 87, 'bcb62bea194ea761b48a0ec1815e401c.png', '2020-04-01 19:03:41', '2020-04-01 19:03:41'),
(83, 88, '07265c1113ad4727d1ead271acb1c873.png', '2020-04-01 19:05:03', '2020-04-01 19:05:03'),
(84, 89, '3d2f3821c5387abc1158e1ee23e682e4.png', '2020-04-01 19:06:54', '2020-04-01 19:06:54'),
(85, 90, '0637e7b3855db1ce0493a1783137a68f.png', '2020-04-02 08:40:29', '2020-04-02 08:40:29'),
(86, 91, '8d06cc1505b0b34aa2e91aab9a029e9c.png', '2020-04-02 08:45:12', '2020-04-02 08:45:12'),
(87, 92, 'b4fab58c10c8054545c71342e05da365.png', '2020-04-02 08:46:32', '2020-04-02 08:46:32'),
(88, 92, 'c8f9154a3e1b9d03a4531da71b79bb63.png', '2020-04-02 08:46:32', '2020-04-02 08:46:32'),
(89, 93, 'f281662c85dbd81d17abcb8a8a1b4315.png', '2020-04-02 08:47:19', '2020-04-02 08:47:19'),
(90, 94, 'eb2ec0343ab65a6e3d6cf789cc602f94.png', '2020-04-02 08:47:50', '2020-04-02 08:47:50'),
(91, 95, '242749d8b11f6c0813d8c213c900fcdd.png', '2020-04-02 08:57:26', '2020-04-02 08:57:26'),
(92, 96, 'ca79bd19f59fafdf6f0db2253702b60a.png', '2020-04-02 09:22:47', '2020-04-02 09:22:47'),
(93, 97, '4decffa0dd725b85ccb31f246d0248e4.png', '2020-04-02 09:23:26', '2020-04-02 09:23:26'),
(94, 98, '35dd9389547ce3d50a3612f3a0db4e71.png', '2020-04-02 09:25:17', '2020-04-02 09:25:17'),
(95, 99, '50d1520703ad71e679ea3242d1ad6d1f.jpg', '2020-04-02 09:48:27', '2020-04-02 09:48:27'),
(96, 100, '4461de9b954f58b1b3a8aefd4930bc21.jpg', '2020-04-02 10:00:25', '2020-04-02 10:00:25'),
(97, 101, '38070d5370d89480375fb6be71a15e72.jpg', '2020-04-02 10:08:45', '2020-04-02 10:08:45'),
(98, 102, '421cdc2594dcc0111a8876984ba1cce7.jpg', '2020-04-02 10:18:24', '2020-04-02 10:18:24'),
(99, 103, '798e47d08498f337126851da211f41d9.jpg', '2020-04-02 10:25:05', '2020-04-02 10:25:05'),
(100, 104, 'fdeb6bc6deae30386b5c061a52f9ff36.jpg', '2020-04-02 10:25:39', '2020-04-02 10:25:39'),
(101, 105, '83d388761affecb974b75fc12fda96ee.png', '2020-04-02 11:20:00', '2020-04-02 11:20:00'),
(102, 106, '49ab5a09cde6610d0e3718f9e4646293.png', '2020-04-02 11:20:52', '2020-04-02 11:20:52'),
(103, 107, '1b2c6157b157b6bd49206a823e573e86.jpeg', '2020-04-02 15:24:47', '2020-04-02 15:24:47'),
(104, 107, '7b3a32932d03ccde1ff2b1c9dacb26d1.jpeg', '2020-04-02 15:24:47', '2020-04-02 15:24:47'),
(105, 108, 'f792e59fccc4aed87b8133717da68a39.jpeg', '2020-04-02 16:51:43', '2020-04-02 16:51:43'),
(106, 108, '6c0461b6739bfd76ebf9f9c41c4913fe.jpeg', '2020-04-02 16:51:43', '2020-04-02 16:51:43'),
(107, 109, '31fceeed30d9880c676f171bd3a893fd.jpeg', '2020-04-02 16:59:43', '2020-04-02 16:59:43'),
(108, 110, '2e285ebfdb664ba744bd083e389df00f.png', '2020-04-03 11:32:40', '2020-04-03 11:32:40'),
(109, 111, '6527dae1a9ec224c68d2f0bc96860714.png', '2020-04-03 16:52:02', '2020-04-03 16:52:02'),
(110, 111, 'cc65867f653f569aff403cfc1a3fb0b1.png', '2020-04-03 16:52:02', '2020-04-03 16:52:02'),
(111, 112, '6fc5ef4705e90c246908e1960f289b75.png', '2020-04-04 10:28:31', '2020-04-04 10:28:31'),
(112, 112, '85ea0411a68d2097d264b0113a8fdcff.png', '2020-04-04 10:28:31', '2020-04-04 10:28:31'),
(113, 112, 'e59701e002939dc189354c5133366f6d.png', '2020-04-04 10:28:31', '2020-04-04 10:28:31'),
(114, 113, '3ff8712a777324c3426425d49a0813e3.png', '2020-04-04 18:54:10', '2020-04-04 18:54:10'),
(115, 114, '857bc76ebe64b2030e2f00c01b8fdf50.png', '2020-04-05 08:43:48', '2020-04-05 08:43:48'),
(116, 114, '6564e218e45fe438a8c0c2512f91bddf.png', '2020-04-05 08:43:48', '2020-04-05 08:43:48'),
(117, 115, 'b49e2f9cd1648e654e8942ec5e258eb8.png', '2020-04-05 09:24:46', '2020-04-05 09:24:46'),
(118, 115, '5e9c7520cb2683665d0872378bdb3b6e.png', '2020-04-05 09:24:46', '2020-04-05 09:24:46'),
(119, 116, '1a186432030b18086fe9c7cdf9d9b5ff.png', '2020-04-05 09:40:39', '2020-04-05 09:40:39'),
(120, 116, 'd6a20bc2ea80ba7239bd4bfe3e83796c.png', '2020-04-05 09:40:39', '2020-04-05 09:40:39'),
(121, 117, '3f550a3cc6519bd8066db5c9348dfcfd.png', '2020-04-05 09:42:26', '2020-04-05 09:42:26'),
(122, 117, 'e399ed43d3bce666fcbac36dcdb8cf90.png', '2020-04-05 09:42:26', '2020-04-05 09:42:26'),
(123, 117, '5c3a4c9ee927376f742d5883bd9dd36e.png', '2020-04-05 09:42:26', '2020-04-05 09:42:26'),
(124, 117, 'a6d558fb197a9e97799c190c04736ab7.png', '2020-04-05 09:46:50', '2020-04-05 09:46:50'),
(125, 117, '2cdb54b8fbfb3d5864bbe50dd4500951.png', '2020-04-05 09:46:50', '2020-04-05 09:46:50'),
(126, 117, '5dda8b4e873eaecbdaf9fe3f172400fb.png', '2020-04-05 09:46:50', '2020-04-05 09:46:50'),
(127, 118, '99bfb25c5f28eac688c49b6008f2cc53.jpeg', '2020-04-06 09:16:03', '2020-04-06 09:16:03'),
(128, 118, '9cc0e1bc3b6a2062d71fec8ad9849cb1.jpeg', '2020-04-06 09:16:03', '2020-04-06 09:16:03'),
(129, 119, '22643b60288c10d394800a954deaebbe.jpeg', '2020-04-06 09:28:22', '2020-04-06 09:28:22'),
(130, 119, 'f5746faced7ecfe4d39a69dc347ca362.jpeg', '2020-04-06 09:28:22', '2020-04-06 09:28:22'),
(131, 119, 'eaa1a3157650e40c94282e54048d13df.jpeg', '2020-04-06 09:28:22', '2020-04-06 09:28:22'),
(132, 120, '84544489276525f1b8c07715ab8bdff5.jpeg', '2020-04-06 09:47:43', '2020-04-06 09:47:43'),
(133, 121, 'bbca3ead7d6d5db92ff8a6395b9c0475.jpeg', '2020-04-06 15:20:29', '2020-04-06 15:20:29'),
(134, 121, '3e6735c7be646c9548a306e3e937b6db.jpeg', '2020-04-06 15:20:29', '2020-04-06 15:20:29'),
(135, 122, 'bcd526dfc84a0f8d9b8a5aed3b334798.jpeg', '2020-04-09 12:45:26', '2020-04-09 12:45:26'),
(136, 123, '28f851f69113dd44f5235cbd106dedff.jpeg', '2020-04-09 13:07:38', '2020-04-09 13:07:38'),
(137, 124, '4196c554ff7a727a90159c17f9890753.jpeg', '2020-04-09 13:25:53', '2020-04-09 13:25:53'),
(138, 124, 'bc3e1743c2ab3f64d4812810931bd051.jpeg', '2020-04-09 13:25:53', '2020-04-09 13:25:53'),
(139, 125, 'e74ecad823debfbef6cdf0a243a4d61c.jpeg', '2020-04-09 14:07:41', '2020-04-09 14:07:41'),
(140, 126, '2c22840e866008cd863fcd847f87e1a9.jpeg', '2020-04-09 14:10:56', '2020-04-09 14:10:56'),
(141, 127, '3917e94895b8565665660e1a7ff83d0e.jpeg', '2020-04-09 14:38:26', '2020-04-09 14:38:26'),
(142, 128, '16629bbd4320b170b0ee53dc0d1e5315.jpeg', '2020-04-09 14:46:16', '2020-04-09 14:46:16'),
(143, 129, 'ab8cc01ba37746dbc2a690c5ef06c228.png', '2020-04-10 00:31:31', '2020-04-10 00:31:31'),
(144, 129, 'a7cf30be8659e5425f0141588aac86e3.png', '2020-04-10 00:31:31', '2020-04-10 00:31:31'),
(145, 130, '5c15af143d4a3a7a3214d74f2178226e.png', '2020-04-10 01:10:25', '2020-04-10 01:10:25'),
(146, 131, 'ba5a5c3eada36ef8b4db8a49b5f8236a.png', '2020-04-12 09:19:18', '2020-04-12 09:19:18'),
(147, 131, '198f41fd5184f02724595e5c96dea65a.png', '2020-04-12 09:19:18', '2020-04-12 09:19:18'),
(148, 132, 'b38ad70d3d71b08f7a5db1d0684592f5.png', '2020-04-12 09:19:47', '2020-04-12 09:19:47'),
(149, 132, 'c23abfd50bc082681e839bb3071a543b.png', '2020-04-12 09:19:47', '2020-04-12 09:19:47'),
(150, 132, '0535dac795b8f1b0249e7f5410ca10fd.png', '2020-04-12 09:19:47', '2020-04-12 09:19:47'),
(151, 133, '6f89ad6eab006a7fcbf410cc3ad819ce.png', '2020-04-12 09:20:30', '2020-04-12 09:20:30'),
(152, 133, 'c5c8b52a422fe0194b8ca38258c5573a.png', '2020-04-12 09:20:30', '2020-04-12 09:20:30'),
(153, 134, 'c07700938309947cd366bf2ac43659c1.png', '2020-04-12 09:24:22', '2020-04-12 09:24:22'),
(154, 134, '99cd952eb5a3c0ec9b86c44a2df39daa.png', '2020-04-12 09:24:22', '2020-04-12 09:24:22'),
(155, 135, '210cf718b8650544b1312fecda35e2bc.png', '2020-04-12 09:45:18', '2020-04-12 09:45:18'),
(156, 135, '12dcb173cd738672a0754cd6e7976f08.png', '2020-04-12 09:45:18', '2020-04-12 09:45:18'),
(157, 136, 'e5536992a927e0f2bf3be55507e9571b.png', '2020-04-12 13:59:14', '2020-04-12 13:59:14'),
(158, 136, '2d55877776ff2740fdf917a099290f16.png', '2020-04-12 13:59:14', '2020-04-12 13:59:14'),
(159, 137, '135205fcafc492b94a971fa8cf4149bc.jpeg', '2020-04-12 16:12:37', '2020-04-12 16:12:37'),
(160, 138, '76d2b724c8a795184519079c3df29f0e.jpeg', '2020-04-12 17:06:05', '2020-04-12 17:06:05'),
(161, 138, '07ea68efc87fa4879488a75cd162b3df.jpeg', '2020-04-12 17:06:05', '2020-04-12 17:06:05'),
(162, 139, 'ffb8c37a87ff1a6a2f33290574996a76.jpeg', '2020-04-12 17:11:22', '2020-04-12 17:11:22'),
(163, 140, '249f5bae07b8203e42a07af9d8393305.png', '2020-04-16 11:44:24', '2020-04-16 11:44:24'),
(164, 141, 'a53f403cc08d02a23d34279629f3a64f.png', '2020-04-16 11:48:20', '2020-04-16 11:48:20'),
(165, 142, '3d4ff3215df1fa8506cff84b7aa6b895.png', '2020-04-16 11:50:25', '2020-04-16 11:50:25'),
(166, 143, '5cb227e093e0bb01e855d17b06066e5d.png', '2020-04-16 13:03:02', '2020-04-16 13:03:02'),
(167, 144, 'a416ea9ee6f78bda1a3bc5df8f362983.png', '2020-04-16 14:32:14', '2020-04-16 14:32:14'),
(168, 145, '51322942d168091f541f35744bc78543.png', '2020-04-29 12:38:13', '2020-04-29 12:38:13'),
(169, 145, '138311477bf8ae8e4234900a44fa7c28.png', '2020-04-29 12:38:13', '2020-04-29 12:38:13'),
(170, 146, '7336d1ba37fae407f84e9b66b4eca388.png', '2020-04-29 12:39:42', '2020-04-29 12:39:42'),
(171, 147, 'f04b317b7b8dfa7f8fdce41a3356540a.png', '2020-05-05 13:44:36', '2020-05-05 13:44:36'),
(172, 148, 'b7c3f3802761c7e58d6b87a8bc7a3935.png', '2020-05-05 13:48:15', '2020-05-05 13:48:15'),
(173, 149, 'e0b45c08abfb051d3c78d0f0ed49cf77.png', '2020-05-05 13:57:28', '2020-05-05 13:57:28'),
(174, 150, 'a4c7cdc297c1e06d85a3f7f9e69273dc.png', '2020-05-17 18:53:43', '2020-05-17 18:53:43');

-- --------------------------------------------------------

--
-- بنية الجدول `chat`
--

CREATE TABLE `chat` (
  `id` int(10) NOT NULL,
  `package_id` int(10) NOT NULL,
  `user_id` int(10) NOT NULL,
  `driver_id` int(10) NOT NULL,
  `statue` float NOT NULL DEFAULT 0 COMMENT '0->open ,1->closed',
  `created_at` timestamp NOT NULL DEFAULT current_timestamp(),
  `updated_at` timestamp NOT NULL DEFAULT current_timestamp() ON UPDATE current_timestamp()
) ENGINE=InnoDB DEFAULT CHARSET=utf8;

--
-- إرجاع أو استيراد بيانات الجدول `chat`
--

INSERT INTO `chat` (`id`, `package_id`, `user_id`, `driver_id`, `statue`, `created_at`, `updated_at`) VALUES
(20, 103, 25, 11, 1, '2020-04-02 10:33:37', '2020-04-02 10:49:43'),
(21, 106, 22, 8, 1, '2020-04-02 11:36:57', '2020-04-03 11:56:42'),
(22, 104, 25, 11, 0, '2020-04-02 12:10:30', '2020-04-02 12:10:30'),
(23, 108, 25, 12, 1, '2020-04-02 16:53:32', '2020-04-02 17:03:17'),
(24, 110, 22, 8, 1, '2020-04-03 11:38:36', '2020-04-03 16:48:31'),
(25, 112, 26, 12, 1, '2020-04-04 10:42:08', '2020-04-04 10:53:13'),
(26, 114, 22, 8, 0, '2020-04-05 09:05:06', '2020-04-05 09:05:06'),
(27, 105, 22, 18, 1, '2020-04-05 09:08:49', '2020-04-05 16:44:10'),
(28, 121, 35, 20, 0, '2020-04-06 15:25:39', '2020-04-06 15:25:39'),
(29, 115, 22, 8, 0, '2020-04-07 11:08:51', '2020-04-07 11:08:51'),
(30, 111, 22, 8, 0, '2020-04-07 11:09:06', '2020-04-07 11:09:06'),
(31, 129, 49, 27, 1, '2020-04-10 00:42:05', '2020-04-10 01:00:58'),
(32, 131, 54, 29, 1, '2020-04-12 09:22:59', '2020-04-12 14:28:26'),
(33, 133, 54, 29, 0, '2020-04-12 09:23:26', '2020-04-12 09:23:26'),
(34, 125, 52, 26, 1, '2020-04-12 12:55:26', '2020-04-12 13:12:22'),
(35, 132, 54, 29, 1, '2020-04-12 13:16:48', '2020-04-12 17:27:32'),
(36, 135, 54, 29, 0, '2020-04-12 13:22:33', '2020-04-12 13:22:33'),
(37, 137, 52, 26, 1, '2020-04-12 16:19:41', '2020-04-12 16:20:10'),
(38, 127, 52, 26, 0, '2020-04-12 16:28:20', '2020-04-12 16:28:20'),
(39, 138, 49, 27, 0, '2020-04-12 17:08:22', '2020-04-12 17:08:22'),
(40, 139, 49, 27, 0, '2020-04-12 17:14:44', '2020-04-12 17:14:44'),
(41, 147, 60, 33, 0, '2020-05-05 13:46:59', '2020-05-05 13:46:59');

-- --------------------------------------------------------

--
-- بنية الجدول `chat_mess`
--

CREATE TABLE `chat_mess` (
  `id` int(10) NOT NULL,
  `chat_id` int(10) NOT NULL,
  `sender_type` float NOT NULL COMMENT '1-user,2-driver',
  `seen` float NOT NULL DEFAULT 0 COMMENT '0-unseen,1-seen',
  `mesg` text NOT NULL,
  `type` float NOT NULL DEFAULT 1 COMMENT '1-text,2-voice,3-img',
  `created_at` timestamp NOT NULL DEFAULT current_timestamp(),
  `updated_at` timestamp NOT NULL DEFAULT current_timestamp() ON UPDATE current_timestamp()
) ENGINE=InnoDB DEFAULT CHARSET=utf8;

--
-- إرجاع أو استيراد بيانات الجدول `chat_mess`
--

INSERT INTO `chat_mess` (`id`, `chat_id`, `sender_type`, `seen`, `mesg`, `type`, `created_at`, `updated_at`) VALUES
(142, 20, 1, 0, 'hello', 1, '2020-04-02 10:33:45', '2020-04-02 10:33:45'),
(143, 22, 1, 0, 'hello', 1, '2020-04-02 12:10:40', '2020-04-02 12:10:40'),
(144, 22, 1, 0, 'd3522ecff02b0a64757c216d6f0f1dca.mp3', 2, '2020-04-02 12:12:42', '2020-04-02 12:12:42'),
(145, 22, 1, 0, '2bfb5b111d0a50970a0c30b96d16feee.mp3', 2, '2020-04-02 12:13:04', '2020-04-02 12:13:04'),
(146, 22, 1, 0, 'bf0e139876175d3922fed41c4a033035.mp3', 2, '2020-04-02 12:13:48', '2020-04-02 12:13:48'),
(147, 22, 1, 0, '4ac33e90d304f91c7a5ed0c0e0ea83b6.mp3', 2, '2020-04-02 12:15:41', '2020-04-02 12:15:41'),
(148, 23, 1, 0, 'hello', 1, '2020-04-02 16:53:47', '2020-04-02 16:53:47'),
(149, 23, 2, 0, 'هلزوز', 1, '2020-04-02 16:54:18', '2020-04-02 16:54:18'),
(150, 23, 1, 0, '1', 1, '2020-04-02 16:54:29', '2020-04-02 16:54:29'),
(151, 23, 2, 0, 'بسجل فويس', 1, '2020-04-02 16:54:58', '2020-04-02 16:54:58'),
(152, 23, 1, 0, '24d34257ebc928070c4930e697bd2fc0.mp3', 2, '2020-04-02 16:55:36', '2020-04-02 16:55:36'),
(153, 23, 2, 0, 'اعمل طرد تاني في الاسكندريه', 1, '2020-04-02 16:58:36', '2020-04-02 16:58:36'),
(154, 23, 1, 0, 'عملت', 1, '2020-04-02 17:00:04', '2020-04-02 17:00:04'),
(155, 23, 2, 0, 'اقبل الاوفر', 1, '2020-04-02 17:02:27', '2020-04-02 17:02:27'),
(156, 23, 1, 0, 'موصلنيش سعر', 1, '2020-04-02 17:03:08', '2020-04-02 17:03:08'),
(157, 21, 1, 0, 'Hi first mes', 1, '2020-04-03 15:07:28', '2020-04-03 15:07:28'),
(158, 21, 1, 0, '5d62d22dd6d0829a3ee98880f573cdf1.mp3', 2, '2020-04-03 15:09:27', '2020-04-03 15:09:27'),
(159, 21, 1, 0, '0a6acbfd6f9bbfc6d4379635efb575f3.mp3', 2, '2020-04-03 15:09:29', '2020-04-03 15:09:29'),
(160, 21, 1, 0, 'Second for test', 1, '2020-04-03 15:09:49', '2020-04-03 15:09:49'),
(161, 21, 1, 0, 'Third for test', 1, '2020-04-03 15:09:55', '2020-04-03 15:09:55'),
(162, 21, 2, 0, 'From driverfirst messgae for test', 1, '2020-04-03 15:15:22', '2020-04-03 15:15:22'),
(163, 21, 2, 0, 'driverSecondt messgae for test shshshs dkdjhsakj jdjskfjds dsjjksadhajsd dsjladj dksasak', 1, '2020-04-03 15:15:54', '2020-04-03 15:15:54'),
(164, 21, 2, 0, 'a5cd2e7a84276b4864feef1a655de593.mp3', 2, '2020-04-03 15:16:08', '2020-04-03 15:16:08'),
(165, 21, 2, 0, '5ff7804b17bf19a945044e4866f43848.mp3', 2, '2020-04-03 15:16:16', '2020-04-03 15:16:16'),
(166, 21, 2, 0, '65f1c75c7aa45eb41c96e89ef8a04629.mp3', 2, '2020-04-03 15:16:30', '2020-04-03 15:16:30'),
(167, 21, 2, 0, 'ayaaaa', 1, '2020-04-03 16:39:32', '2020-04-03 16:39:32'),
(168, 21, 2, 0, 'hfff', 1, '2020-04-03 16:40:56', '2020-04-03 16:40:56'),
(169, 21, 1, 0, 'typical ayoosh', 1, '2020-04-03 16:50:42', '2020-04-03 16:50:42'),
(170, 25, 1, 0, 'اتي', 1, '2020-04-04 10:46:42', '2020-04-04 10:46:42'),
(171, 25, 2, 0, 'hh', 1, '2020-04-04 10:47:49', '2020-04-04 10:47:49'),
(172, 22, 1, 0, 'test', 1, '2020-04-05 08:52:03', '2020-04-05 08:52:03'),
(173, 22, 1, 0, '1b505d08d6ccc02bdd73f447c50d1af5.mp3', 2, '2020-04-05 10:16:23', '2020-04-05 10:16:23'),
(174, 26, 2, 0, 'hi', 1, '2020-04-05 10:34:14', '2020-04-05 10:34:14'),
(175, 26, 2, 0, '7a0f961ecf2f763c0d310aae2ba01444.mp3', 2, '2020-04-06 15:55:45', '2020-04-06 15:55:45'),
(176, 26, 2, 0, 'eea9e8c37986de3ff03fd9e30572fa1f.mp3', 2, '2020-04-06 15:56:13', '2020-04-06 15:56:13'),
(177, 30, 1, 0, 'hi', 1, '2020-04-07 11:11:53', '2020-04-07 11:11:53'),
(178, 30, 2, 0, '9477478872368f8fc453acaab4a85098.m4a', 2, '2020-04-07 12:36:09', '2020-04-07 12:36:09'),
(179, 30, 2, 0, '2680bfd84239c0fabfeb220b9f7647dd.m4a', 2, '2020-04-07 12:36:36', '2020-04-07 12:36:36'),
(180, 30, 2, 0, 'de7845c843e1f97d7e95b9f1f647075b.m4a', 2, '2020-04-07 12:37:53', '2020-04-07 12:37:53'),
(181, 30, 2, 0, 'eccfe4ac80e11d91f794af1648e0e8d1.mb3', 2, '2020-04-07 12:39:22', '2020-04-07 12:39:22'),
(182, 30, 2, 0, '9209fb55b1d9c9b65b11c61c8c357269.mb3', 2, '2020-04-07 12:40:43', '2020-04-07 12:40:43'),
(183, 30, 2, 0, 'd7c931a9819939adf8fca55ee131c5d3.mb3', 2, '2020-04-07 12:47:12', '2020-04-07 12:47:12'),
(184, 30, 2, 0, '1dd0df13c13d8d1a7aea47fb46b09871.mb3', 2, '2020-04-07 12:47:32', '2020-04-07 12:47:32'),
(185, 31, 1, 0, 'hi', 1, '2020-04-10 00:42:18', '2020-04-10 00:42:18'),
(186, 31, 2, 0, 'هاي', 1, '2020-04-10 00:43:19', '2020-04-10 00:43:19'),
(187, 31, 1, 0, 'cnjc', 1, '2020-04-10 00:43:55', '2020-04-10 00:43:55'),
(188, 31, 2, 0, 'نينين', 1, '2020-04-10 00:44:13', '2020-04-10 00:44:13'),
(189, 31, 1, 0, 'fe610c9b7a533c0a6452bbea34496977.mb3', 2, '2020-04-10 00:45:38', '2020-04-10 00:45:38'),
(190, 31, 1, 0, '3270c305e0a753d228bd9fb595beddc8.mb3', 2, '2020-04-10 00:45:42', '2020-04-10 00:45:42'),
(191, 31, 1, 0, '088a3ccd36e6e65242d1815dcfd93ac1.mb3', 2, '2020-04-10 00:46:14', '2020-04-10 00:46:14'),
(192, 31, 1, 0, 'cc96297dcfdd11094303f8bef5f8f76d.mb3', 2, '2020-04-10 00:46:35', '2020-04-10 00:46:35'),
(193, 32, 1, 0, 'hi', 1, '2020-04-12 09:23:06', '2020-04-12 09:23:06'),
(194, 33, 1, 0, 'hahahah', 1, '2020-04-12 09:23:31', '2020-04-12 09:23:31'),
(195, 34, 2, 0, 'هاى', 1, '2020-04-12 12:55:33', '2020-04-12 12:55:33'),
(196, 34, 2, 0, 'e1f033f58e68770af091a7bcc9456b3f.mp3', 2, '2020-04-12 12:58:18', '2020-04-12 12:58:18'),
(197, 34, 2, 0, '9aa44c12b948ad6f21def35aca79bfea.mp3', 2, '2020-04-12 12:58:36', '2020-04-12 12:58:36'),
(198, 34, 2, 0, '2d76fa4cdd3105e880b4967a02fbae6e.mp3', 2, '2020-04-12 13:07:17', '2020-04-12 13:07:17'),
(199, 36, 1, 0, 'hi', 1, '2020-04-12 13:22:52', '2020-04-12 13:22:52'),
(200, 32, 1, 0, 'hdhd hdhd', 1, '2020-04-12 13:33:21', '2020-04-12 13:33:21'),
(201, 32, 1, 0, 'hdhdh did hdhd hdhdh jxjdhdh hdhdh jxjdhd jdhdbdb hdhdh jdhdbdb jdhdbdb ndhdhdhdhxh did hdhdh jdhdbdb jdhdbdb jdhdbd', 1, '2020-04-12 13:33:46', '2020-04-12 13:33:46'),
(202, 32, 1, 0, 'أوكيه هنا بجرب تيست العربي مع تيست عدد الحروف و الكلمات مع تيست الشكل مع شوية فراغ مع تيست الديزاين شغال تمام ولا لا', 1, '2020-04-12 13:35:24', '2020-04-12 13:35:24'),
(203, 36, 2, 0, 'd24ff89015a0e1a32c0abaed0ce06ffd.mb3', 2, '2020-04-12 14:39:30', '2020-04-12 14:39:30'),
(204, 36, 2, 0, 'df464b273c2315c80768b6f117f926eb.mb3', 2, '2020-04-12 14:40:29', '2020-04-12 14:40:29'),
(205, 36, 2, 0, 'e40cdb97abbeedcfad17379d7fa886e4.mb3', 2, '2020-04-12 14:43:07', '2020-04-12 14:43:07'),
(206, 36, 2, 0, 'fe50bb9bebbadb21f74cb35fa6f46582.mb3', 2, '2020-04-12 15:16:34', '2020-04-12 15:16:34'),
(207, 36, 2, 0, '6db15d04e09345c3510298d67afe8258.m4a', 2, '2020-04-12 15:24:57', '2020-04-12 15:24:57'),
(208, 36, 2, 0, '45fdbaf85533ab568d4b4ccced66f084.mb3', 2, '2020-04-12 15:26:35', '2020-04-12 15:26:35'),
(209, 36, 2, 0, '0caac35fd7131ab0a2e8b9f1abc5486c.', 2, '2020-04-12 15:32:46', '2020-04-12 15:32:46'),
(210, 36, 2, 0, 'e63fa47c4f5d585e207b55e8c3aacb9c.', 2, '2020-04-12 15:33:57', '2020-04-12 15:33:57'),
(211, 36, 2, 0, '2359b92db892a12c20af08125435d141.', 2, '2020-04-12 15:34:55', '2020-04-12 15:34:55'),
(212, 36, 2, 0, '52b681d93f2b7a7af1ce4ed86c5765e2.m4a', 2, '2020-04-12 15:40:51', '2020-04-12 15:40:51'),
(213, 36, 2, 0, 'e30a13e6857d9938d22da26b20c5d462.m4a', 2, '2020-04-12 15:56:04', '2020-04-12 15:56:04'),
(214, 36, 2, 0, '2c23318279ecf0fef62983e9d99fd8c3.m4a', 2, '2020-04-12 16:00:08', '2020-04-12 16:00:08'),
(215, 36, 2, 0, 'e0a8e6ff236d71aafe597418e36943f8.m4a', 2, '2020-04-12 16:01:32', '2020-04-12 16:01:32'),
(216, 36, 2, 0, 'be6bf72dc1e4550d87f86caef94257b4.m4a', 2, '2020-04-12 16:03:03', '2020-04-12 16:03:03'),
(217, 36, 2, 0, 'd9f596c8bb2e8dee9dc3a05a2bcbe074.m4a', 2, '2020-04-12 16:03:38', '2020-04-12 16:03:38'),
(218, 36, 2, 0, 'd4f1aee2f03ab6515c015070f52e178b.m4a', 2, '2020-04-12 16:03:49', '2020-04-12 16:03:49'),
(219, 36, 2, 0, '627ee331ffc7f71dfb096f165a32bb15.m4a', 2, '2020-04-12 16:05:26', '2020-04-12 16:05:26'),
(220, 36, 2, 0, '8f04f1851a33ea7708b88d2ab53fb11d.m4a', 2, '2020-04-12 16:06:17', '2020-04-12 16:06:17'),
(221, 36, 2, 0, '9c78bc2e644b2553d7da8c2d0ba74884.m4a', 2, '2020-04-12 16:08:55', '2020-04-12 16:08:55'),
(222, 36, 2, 0, 'a010a45d0d9e4e731a480dc45cc2ce11.m4a', 2, '2020-04-12 16:14:09', '2020-04-12 16:14:09'),
(223, 36, 2, 0, '579a9e5529c2d514dd930765c397e4db.m4a', 2, '2020-04-12 16:16:36', '2020-04-12 16:16:36'),
(224, 36, 1, 0, '33641f70b22e5cdad9046182e7454ffb.m4a', 2, '2020-04-12 16:26:44', '2020-04-12 16:26:44'),
(225, 38, 1, 0, '002a39402bd2e52083af57e157fc49b1.mp3', 2, '2020-04-12 16:28:27', '2020-04-12 16:28:27'),
(226, 38, 1, 0, '698ea299b84459f9b1b7d5dc13f150d8.mp3', 2, '2020-04-12 16:29:26', '2020-04-12 16:29:26'),
(227, 38, 1, 0, '5b81de63aeb2b0c84ac3624c4e7330bc.mp3', 2, '2020-04-12 16:29:39', '2020-04-12 16:29:39'),
(228, 36, 1, 0, '3295a60de8e08941311608b61f1680f4.m4a', 2, '2020-04-12 16:34:14', '2020-04-12 16:34:14'),
(229, 40, 1, 0, 'Hi', 1, '2020-04-12 17:14:49', '2020-04-12 17:14:49'),
(230, 36, 1, 0, 'hgff', 1, '2020-04-12 17:25:13', '2020-04-12 17:25:13'),
(231, 36, 1, 0, 'dcfb2b136d98e93d6e841242971f8745.m4a', 2, '2020-04-12 17:25:23', '2020-04-12 17:25:23'),
(232, 36, 1, 0, 'hgff', 1, '2020-04-12 17:26:15', '2020-04-12 17:26:15'),
(233, 36, 2, 0, 'hdhdh', 1, '2020-04-12 17:27:02', '2020-04-12 17:27:02'),
(234, 40, 1, 0, 'Hi', 1, '2020-04-12 17:27:09', '2020-04-12 17:27:09'),
(235, 40, 1, 0, 'Gds', 1, '2020-04-12 17:27:20', '2020-04-12 17:27:20'),
(236, 36, 2, 0, '8a14c848d6e85935e0eef300c8233668.m4a', 2, '2020-04-12 17:36:15', '2020-04-12 17:36:15'),
(237, 36, 2, 0, 'bc797e1bc63d264246dc86c4d9faff03.m4a', 2, '2020-04-12 17:37:51', '2020-04-12 17:37:51'),
(238, 36, 2, 0, '02b46d41e37f56f43a1126f4cdc985f3.m4a', 2, '2020-04-12 17:38:13', '2020-04-12 17:38:13'),
(239, 36, 2, 0, '244641785237a69c163fd5818e5cd530.mb3', 2, '2020-04-12 17:41:27', '2020-04-12 17:41:27'),
(240, 36, 2, 0, '5d959f6cc668edaa38a89fe2b6974347.mb3', 2, '2020-04-12 17:41:35', '2020-04-12 17:41:35'),
(241, 36, 2, 0, '0f7742709ddf92e49bd95b0699959fa9.mb3', 2, '2020-04-12 17:42:21', '2020-04-12 17:42:21'),
(242, 36, 2, 0, 'b21b3c5e1c2b3024d4485fe032d5d2d8.mp3', 2, '2020-04-12 17:46:28', '2020-04-12 17:46:28'),
(243, 36, 2, 0, 'ef687d2372c5ac89c3f4b1181b7a3e73.mp3', 2, '2020-04-12 17:47:53', '2020-04-12 17:47:53'),
(244, 36, 2, 0, 'e7084c68a5781d4f5b530791fe0a5d44.mp3', 2, '2020-04-12 17:52:01', '2020-04-12 17:52:01'),
(245, 36, 2, 0, '2ae521e409f6b1d2ca3493d479edb5e5.mp3', 2, '2020-04-12 17:52:05', '2020-04-12 17:52:05'),
(246, 36, 2, 0, '0034b043c26f48d0652dda757b1fd338.mp3', 2, '2020-04-12 17:54:25', '2020-04-12 17:54:25'),
(247, 36, 2, 0, '8d32d75c3b420497b22d6191879b7476.mp3', 2, '2020-04-12 17:54:40', '2020-04-12 17:54:40'),
(248, 36, 2, 0, '4d9dfd30d0685176b1dc7b47a72901e2.mp3', 2, '2020-04-12 17:56:50', '2020-04-12 17:56:50'),
(249, 36, 2, 0, 'd20b6d3c6806ecb229e67571cfb4aba1.mp3', 2, '2020-04-12 18:35:20', '2020-04-12 18:35:20'),
(250, 36, 2, 0, '5d4ebd87ba9872b2668953dcff510737.mp3', 2, '2020-04-12 18:44:26', '2020-04-12 18:44:26'),
(251, 36, 2, 0, '13e0eea150c4d59d4e217215795bc6cf.mp3', 2, '2020-04-12 18:44:32', '2020-04-12 18:44:32'),
(252, 33, 2, 0, 'c113f573a974b5fee81707e82a21c38f.mp3', 2, '2020-04-12 18:55:19', '2020-04-12 18:55:19'),
(253, 33, 2, 0, '7c1eb1e1c266c6ec19fb555987a24dfa.mp3', 2, '2020-04-12 19:01:00', '2020-04-12 19:01:00'),
(254, 33, 2, 0, '9ddbf042a904b7512a774e9e1ddbfee7.mp3', 2, '2020-04-12 19:01:04', '2020-04-12 19:01:04'),
(255, 36, 2, 0, '5225781a26c8dc55af00cb562d9e8bc2.mp3', 2, '2020-04-12 19:06:41', '2020-04-12 19:06:41'),
(256, 36, 2, 0, '510a18a09050b1feb72a0805fa5b8340.mp3', 2, '2020-04-12 19:13:56', '2020-04-12 19:13:56'),
(257, 33, 2, 0, 'd4f098e53ef2af1a15fafad42a23e9c2.mp3', 2, '2020-04-12 19:19:52', '2020-04-12 19:19:52'),
(258, 33, 2, 0, '386f87d726c4569307fa592790f993cb.mp3', 2, '2020-04-12 19:23:13', '2020-04-12 19:23:13'),
(259, 36, 2, 0, 'hgfff', 1, '2020-04-12 19:48:40', '2020-04-12 19:48:40'),
(260, 36, 2, 0, 'b9efb2d00eeb74471d0c6aee4d0988b9.mp3', 2, '2020-04-12 19:51:04', '2020-04-12 19:51:04'),
(261, 33, 2, 0, 'ed26097ae8e4338a5fc53505508f3404.mp3', 2, '2020-04-12 20:09:41', '2020-04-12 20:09:41'),
(262, 33, 1, 0, '299501d08c4dc0ef49c974ecb8d32994.mp3', 2, '2020-04-12 20:33:58', '2020-04-12 20:33:58'),
(263, 41, 1, 0, 'hello', 1, '2020-05-05 13:47:09', '2020-05-05 13:47:09');

-- --------------------------------------------------------

--
-- بنية الجدول `contact_us`
--

CREATE TABLE `contact_us` (
  `id` int(10) UNSIGNED NOT NULL,
  `name` varchar(191) COLLATE utf8mb4_unicode_ci NOT NULL,
  `email` varchar(191) COLLATE utf8mb4_unicode_ci NOT NULL,
  `message` text COLLATE utf8mb4_unicode_ci NOT NULL,
  `created_at` timestamp NULL DEFAULT NULL,
  `updated_at` timestamp NULL DEFAULT NULL
) ENGINE=InnoDB DEFAULT CHARSET=utf8mb4 COLLATE=utf8mb4_unicode_ci;

--
-- إرجاع أو استيراد بيانات الجدول `contact_us`
--

INSERT INTO `contact_us` (`id`, `name`, `email`, `message`, `created_at`, `updated_at`) VALUES
(1, 'mahmoud', 'mah@moud.com', 'text', '2020-01-20 14:56:55', '2020-01-20 14:56:55'),
(3, 'aaaa', 'ggg@hgg.hg', 'تفاصيل شكوتك او مقترحاتك', '2020-03-02 12:23:48', '2020-03-02 12:23:48'),
(4, 'hgf', 'hgf', 'تفاصيل شكوتك او مقترحاتك', '2020-03-02 12:25:18', '2020-03-02 12:25:18'),
(5, 'uhh', 'hgf', 'تفاصيل شكوتك او مقترحاتك', '2020-03-02 12:27:01', '2020-03-02 12:27:01'),
(6, 'تتتا', 'تال@اال.نت', 'نتتاا', '2020-03-03 14:49:50', '2020-03-03 14:49:50'),
(8, 'ةة', 'abofade664@gmail.com', 'ملنبنبن', '2020-03-31 15:20:44', '2020-03-31 15:20:44'),
(10, 'hdhdh', 'hdhdh', 'hdhd', '2020-04-12 12:40:13', '2020-04-12 12:40:13'),
(11, 'aya test', 'hdhd@jdhd.jd', 'hdhd', '2020-04-12 12:44:30', '2020-04-12 12:44:30');

-- --------------------------------------------------------

--
-- بنية الجدول `deliver_requests`
--

CREATE TABLE `deliver_requests` (
  `id` bigint(20) UNSIGNED NOT NULL,
  `package_id` bigint(20) UNSIGNED NOT NULL,
  `driver_id` bigint(20) UNSIGNED NOT NULL,
  `cost` int(11) NOT NULL,
  `created_at` timestamp NULL DEFAULT NULL,
  `updated_at` timestamp NULL DEFAULT NULL
) ENGINE=InnoDB DEFAULT CHARSET=utf8mb4 COLLATE=utf8mb4_unicode_ci;

--
-- إرجاع أو استيراد بيانات الجدول `deliver_requests`
--

INSERT INTO `deliver_requests` (`id`, `package_id`, `driver_id`, `cost`, `created_at`, `updated_at`) VALUES
(52, 107, 12, 55, '2020-04-02 16:49:14', '2020-04-02 16:49:14'),
(55, 109, 12, 55, '2020-04-02 17:07:41', '2020-04-02 17:07:41'),
(63, 117, 16, 20, '2020-04-09 12:53:31', '2020-04-09 12:53:31'),
(75, 134, 29, 20, '2020-04-12 14:01:18', '2020-04-12 14:01:18'),
(77, 148, 33, 50, '2020-05-05 13:53:22', '2020-05-05 13:53:22'),
(78, 150, 34, 50, '2020-05-17 18:57:15', '2020-05-17 18:57:15');

-- --------------------------------------------------------

--
-- بنية الجدول `drivers`
--

CREATE TABLE `drivers` (
  `id` bigint(20) UNSIGNED NOT NULL,
  `username` varchar(191) COLLATE utf8mb4_unicode_ci NOT NULL,
  `id_number` varchar(255) COLLATE utf8mb4_unicode_ci NOT NULL,
  `phone` varchar(191) COLLATE utf8mb4_unicode_ci NOT NULL,
  `password` varchar(191) COLLATE utf8mb4_unicode_ci NOT NULL,
  `image` varchar(191) COLLATE utf8mb4_unicode_ci NOT NULL,
  `driving_license` varchar(191) COLLATE utf8mb4_unicode_ci NOT NULL,
  `rate` tinyint(3) UNSIGNED NOT NULL DEFAULT 0,
  `reset_password_code` varchar(191) COLLATE utf8mb4_unicode_ci DEFAULT NULL,
  `code_expiration` varchar(191) COLLATE utf8mb4_unicode_ci DEFAULT NULL,
  `fcm_token` varchar(191) COLLATE utf8mb4_unicode_ci DEFAULT NULL,
  `status` enum('0','1') COLLATE utf8mb4_unicode_ci NOT NULL DEFAULT '1',
  `notification` enum('0','1') COLLATE utf8mb4_unicode_ci NOT NULL DEFAULT '1',
  `verified` varchar(191) COLLATE utf8mb4_unicode_ci NOT NULL,
  `registration_id` varchar(191) COLLATE utf8mb4_unicode_ci NOT NULL,
  `created_at` timestamp NULL DEFAULT NULL,
  `updated_at` timestamp NULL DEFAULT NULL
) ENGINE=InnoDB DEFAULT CHARSET=utf8mb4 COLLATE=utf8mb4_unicode_ci;

--
-- إرجاع أو استيراد بيانات الجدول `drivers`
--

INSERT INTO `drivers` (`id`, `username`, `id_number`, `phone`, `password`, `image`, `driving_license`, `rate`, `reset_password_code`, `code_expiration`, `fcm_token`, `status`, `notification`, `verified`, `registration_id`, `created_at`, `updated_at`) VALUES
(33, 'Aya driver', '45484848', '0503333333', '$2y$10$H0FnfLYWdXu9yCZ4RHa0k.9paSfPppORoF5WwiIGtE6wk964dKKIS', 'f0df92c68853dace0af1ddee8366dd51.png', 'driving_license_f0df92c68853dace0af1ddee8366dd51.png', 0, NULL, NULL, NULL, '1', '1', '1', 'fpOK0HmPQEs:APA91bEsimkUO50t3DDULP1mND3wxQcyux587AWa1Pd7jvYTGzQ3BKT6qm-CwBglGVYXcxd98RP5xMQC7gKUR4uN24qrdjgm_4i-krNlMO9watnGhQK5Ybs9ZzFCVuP2cqFXZH216Cvu', '2020-04-29 12:31:07', '2020-05-05 13:56:23'),
(34, 'mo gnnana', '6464545', '0501234560', '$2y$10$M.dh3mpQtZopGalEnmqmoOdZcYLgQ2EsmDg44.F/1Bd6QJsd6G/O2', '6db086195783a8516d096c882641a084.png', 'driving_license_6db086195783a8516d096c882641a084.png', 0, NULL, NULL, NULL, '1', '1', '1', 'cKa1T3inIKY:APA91bGrrMewQ-F7iCD-Z9vhP2njgKeLZ9u9HdMFTYH7XyDvc_SvnTRuPRmJLQJzpo-BNfrxtSKVYUXkLB7i-GqDy90qeJY2jPfHN9iruEvZuexUwvfCBhAEMggmJ6ixfcsPwrKoFOrk', '2020-05-17 18:55:14', '2020-05-17 18:56:03');

-- --------------------------------------------------------

--
-- بنية الجدول `faq`
--

CREATE TABLE `faq` (
  `id` int(10) UNSIGNED NOT NULL,
  `question_en` varchar(191) COLLATE utf8mb4_unicode_ci NOT NULL,
  `question_ar` varchar(191) COLLATE utf8mb4_unicode_ci NOT NULL,
  `answer_en` varchar(191) COLLATE utf8mb4_unicode_ci NOT NULL,
  `answer_ar` varchar(191) COLLATE utf8mb4_unicode_ci NOT NULL,
  `created_at` timestamp NULL DEFAULT NULL,
  `updated_at` timestamp NULL DEFAULT NULL
) ENGINE=InnoDB DEFAULT CHARSET=utf8mb4 COLLATE=utf8mb4_unicode_ci;

-- --------------------------------------------------------

--
-- بنية الجدول `migrations`
--

CREATE TABLE `migrations` (
  `id` int(10) UNSIGNED NOT NULL,
  `migration` varchar(191) COLLATE utf8mb4_unicode_ci NOT NULL,
  `batch` int(11) NOT NULL
) ENGINE=InnoDB DEFAULT CHARSET=utf8mb4 COLLATE=utf8mb4_unicode_ci;

--
-- إرجاع أو استيراد بيانات الجدول `migrations`
--

INSERT INTO `migrations` (`id`, `migration`, `batch`) VALUES
(1, '2014_10_12_000000_create_drivers_table', 1),
(2, '2014_10_12_000000_create_users_table', 1),
(3, '2019_10_31_110627_create_settings_table', 1),
(4, '2019_11_11_144412_create_faq_table', 1),
(5, '2019_11_13_124801_create_contact_us_table', 1),
(6, '2019_11_18_111225_create_admins_table', 1),
(7, '2019_11_24_104139_create_attaches_table', 1),
(8, '2019_11_27_113439_create_rates_table', 1),
(9, '2019_12_01_133412_create_notifications_table', 1),
(10, '2019_12_23_124223_create_rooms_table', 1),
(11, '2019_12_31_092744_create_room_messages_table', 1),
(13, '2020_01_08_131838_create_deliver_requests_table', 1),
(15, '2020_01_08_131817_create_packages_table', 2);

-- --------------------------------------------------------

--
-- بنية الجدول `notifications`
--

CREATE TABLE `notifications` (
  `id` bigint(20) UNSIGNED NOT NULL,
  `user_id` int(10) UNSIGNED DEFAULT NULL,
  `driver_id` int(10) UNSIGNED DEFAULT NULL,
  `type` tinyint(4) NOT NULL,
  `destination` int(11) NOT NULL,
  `message` text COLLATE utf8mb4_unicode_ci NOT NULL,
  `created_at` timestamp NULL DEFAULT NULL,
  `updated_at` timestamp NULL DEFAULT NULL
) ENGINE=InnoDB DEFAULT CHARSET=utf8mb4 COLLATE=utf8mb4_unicode_ci;

-- --------------------------------------------------------

--
-- بنية الجدول `packages`
--

CREATE TABLE `packages` (
  `id` bigint(20) UNSIGNED NOT NULL,
  `user_id` bigint(20) UNSIGNED NOT NULL,
  `driver_id` bigint(20) UNSIGNED DEFAULT NULL,
  `start_lat` varchar(191) COLLATE utf8mb4_unicode_ci NOT NULL,
  `start_lng` varchar(191) COLLATE utf8mb4_unicode_ci NOT NULL,
  `end_lat` varchar(191) COLLATE utf8mb4_unicode_ci NOT NULL,
  `end_lng` varchar(191) COLLATE utf8mb4_unicode_ci NOT NULL,
  `arriving_date` date NOT NULL,
  `arriving_time` time NOT NULL,
  `id_number` varchar(191) COLLATE utf8mb4_unicode_ci NOT NULL,
  `description` text COLLATE utf8mb4_unicode_ci DEFAULT NULL,
  `type` enum('0','1','2') COLLATE utf8mb4_unicode_ci NOT NULL COMMENT '0 =>other,1 => paper and documents,2 =>food and drinks',
  `notes` enum('0','1','2') COLLATE utf8mb4_unicode_ci NOT NULL COMMENT '0 =>no, 1 =>breakable,2 =>low temperature',
  `status` enum('0','1','2','3','4','5') COLLATE utf8mb4_unicode_ci NOT NULL COMMENT '0 =>new,1 => waiting for transmitting,2 =>underway,3 =>done, 4 =>canceled ,5=>doneandrated',
  `created_at` timestamp NULL DEFAULT NULL,
  `updated_at` timestamp NULL DEFAULT NULL
) ENGINE=InnoDB DEFAULT CHARSET=utf8mb4 COLLATE=utf8mb4_unicode_ci;

--
-- إرجاع أو استيراد بيانات الجدول `packages`
--

INSERT INTO `packages` (`id`, `user_id`, `driver_id`, `start_lat`, `start_lng`, `end_lat`, `end_lng`, `arriving_date`, `arriving_time`, `id_number`, `description`, `type`, `notes`, `status`, `created_at`, `updated_at`) VALUES
(102, 25, 11, '26.04954', '32.8047469', '26.04954004574492', '32.804746963083744', '2020-04-02', '12:20:00', '123', 'test', '1', '1', '5', '2020-04-02 10:18:24', '2020-04-02 10:51:23'),
(103, 25, 11, '26.049544', '32.8047469', '26.049550287122244', '32.804746963083744', '2020-04-02', '12:30:00', '12345', 'test', '1', '1', '5', '2020-04-02 10:25:05', '2020-04-02 10:51:32'),
(104, 25, 11, '26.0492125', '32.8047469', '25.919968179123668', '32.75624759495259', '2020-04-02', '12:30:00', '1255', 'test', '1', '1', '1', '2020-04-02 10:25:39', '2020-04-02 12:10:17'),
(105, 22, 18, '30.092006904018806', '31.26597538590431', '30.091962650029327', '31.266021708269257', '2020-04-03', '14:19:00', '8888', 'bvv', '1', '1', '3', '2020-04-02 11:20:00', '2020-04-05 16:44:10'),
(106, 22, 8, '30.091976734854754', '31.266042776405815', '30.097015147724107', '31.274548396468166', '2020-04-04', '14:20:00', '888', 'Aya', '1', '1', '5', '2020-04-02 11:20:52', '2020-04-03 14:05:15'),
(107, 28, NULL, '26.0492125', '32.8047469', '26.0492125', '32.8047469', '2020-04-02', '17:28:00', '12345', 'test', '1', '1', '0', '2020-04-02 15:24:47', '2020-04-02 15:24:47'),
(108, 25, 12, '26.0492125', '32.8047469', '25.916449047548294', '32.75470834225416', '2020-04-02', '18:55:00', '123', 'test', '1', '1', '3', '2020-04-02 16:51:43', '2020-04-02 17:03:17'),
(109, 25, NULL, '26.0496872', '32.7968467', '30.873482111792338', '29.59529578685761', '2020-04-02', '19:59:00', '12555', 'test', '1', '1', '0', '2020-04-02 16:59:43', '2020-04-02 16:59:43'),
(110, 22, 8, '30.099437520810966', '31.26142267137766', '30.082539426591005', '31.260113082826138', '2020-04-04', '14:32:00', '88', 'kkkk', '1', '1', '5', '2020-04-03 11:32:40', '2020-04-05 08:28:31'),
(111, 22, 8, '30.09197412406128', '31.266019307076927', '30.091991529349812', '31.265994831919667', '2020-04-04', '19:52:00', '888', 'bjj', '1', '1', '1', '2020-04-03 16:52:02', '2020-04-07 11:09:06'),
(112, 26, 12, '30.400062763700753', '30.979631803929806', '31.02467056883309', '30.21043192595243', '2020-04-04', '13:28:00', '8455454515', 'bsbshh', '2', '2', '5', '2020-04-04 10:28:31', '2020-04-04 10:56:05'),
(113, 22, NULL, '30.126144083401222', '31.26520324498415', '30.09603382462022', '31.26638676971197', '2020-04-04', '21:54:00', '55', 'hh', '1', '1', '0', '2020-04-04 18:54:10', '2020-04-04 18:54:10'),
(114, 22, 8, '29.944025493026924', '31.273004449903965', '29.936560849790045', '31.269622184336185', '2020-04-06', '11:43:00', '85', 'vv', '1', '1', '1', '2020-04-05 08:43:48', '2020-04-05 09:08:01'),
(115, 22, 8, '29.943662631290305', '31.27322673797607', '29.943662631290305', '31.27322673797607', '2020-04-07', '13:24:00', '88', 'bv', '1', '1', '1', '2020-04-05 09:24:46', '2020-04-07 11:08:51'),
(116, 22, NULL, '29.945680288453573', '31.27348691225052', '29.942500825680856', '31.270418465137485', '2020-04-06', '12:40:00', '88', 'vv', '1', '1', '0', '2020-04-05 09:40:39', '2020-04-05 09:40:39'),
(117, 22, NULL, '29.95933159057531', '31.27929490059614', '29.943658563977515', '31.273072175681595', '2020-04-06', '14:46:00', '11', 'aya', '1', '1', '0', '2020-04-05 09:42:26', '2020-04-05 09:46:50'),
(118, 25, NULL, '26.0470405', '32.8029837', '26.0470405', '32.8029837', '2020-04-06', '11:20:00', '123', 'test', '1', '1', '0', '2020-04-06 09:16:03', '2020-04-06 09:16:03'),
(119, 35, NULL, '29.9436035', '31.2729962', '29.94372160730717', '31.272847875952724', '2020-04-13', '12:30:00', '855', 'jx', '2', '1', '0', '2020-04-06 09:28:22', '2020-04-06 09:28:22'),
(120, 25, NULL, '26.0470405', '32.8029837', '26.0470405', '32.8029837', '2020-04-06', '11:50:00', '2255', 'test', '1', '1', '0', '2020-04-06 09:47:43', '2020-04-06 09:47:43'),
(121, 35, 20, '30.3982569', '30.9185092', '30.47027007962235', '30.972772054374214', '2020-04-13', '21:35:00', '682864', 'vvjcölckx', '1', '1', '2', '2020-04-06 15:20:29', '2020-04-06 15:36:21'),
(122, 26, NULL, '30.4139006', '30.9013848', '30.4139006', '30.9013848', '2020-04-09', '17:45:00', '988', 'hhg', '2', '1', '0', '2020-04-09 12:45:26', '2020-04-09 12:45:26'),
(123, 51, NULL, '26.0771505', '44.005735', '24.743660031184483', '46.65805209428072', '2020-04-09', '16:07:00', '1532214550', 'تلاته بلنم', '2', '1', '0', '2020-04-09 13:07:38', '2020-04-09 13:07:38'),
(124, 52, 26, '26.0528466', '32.8033363', '26.05284645804907', '32.80333645641804', '2020-04-09', '15:30:00', '1234', 'test', '1', '1', '5', '2020-04-09 13:25:53', '2020-04-12 16:11:42'),
(125, 52, 26, '26.0528466', '32.8033363', '26.140140265794525', '33.05607933551073', '2020-04-09', '16:11:00', '123', 'test', '1', '1', '5', '2020-04-09 14:07:41', '2020-04-12 16:02:19'),
(126, 52, 26, '26.0528466', '32.8033363', '26.167389361231024', '32.8529616817832', '2020-04-09', '16:20:00', '1254', 'test', '1', '1', '3', '2020-04-09 14:10:56', '2020-04-12 15:29:26'),
(127, 52, 26, '26.0528466', '32.8033363', '26.117008875306873', '32.765596099197865', '2020-04-09', '16:43:00', '123', 'test', '1', '1', '1', '2020-04-09 14:38:26', '2020-04-12 16:18:35'),
(128, 52, 26, '26.640509280303682', '31.914221048355103', '25.68323761370498', '32.67083164304495', '2020-04-09', '16:50:00', '123', 'test', '1', '1', '3', '2020-04-09 14:46:16', '2020-04-12 12:28:54'),
(129, 49, 27, '30.38809604910664', '30.917453505098823', '30.552768942232618', '31.00959308445454', '2020-04-10', '02:35:00', '5585', 'bz sbbBabsb', '1', '1', '5', '2020-04-10 00:31:31', '2020-04-10 01:01:52'),
(130, 49, 27, '30.407745686369456', '30.91179840266705', '30.361336483279466', '30.8910508453846', '2022-04-10', '05:10:00', '588', 'bh', '1', '1', '1', '2020-04-10 01:10:25', '2020-04-10 01:20:22'),
(131, 54, 29, '30.1035821908129', '31.266810894012448', '30.08176452413334', '31.26473419368267', '2020-04-16', '13:18:00', '5454546', 'First', '1', '1', '5', '2020-04-12 09:19:18', '2020-04-12 14:32:20'),
(132, 54, 29, '30.091566259255888', '31.260101012885574', '30.090749364230653', '31.272031478583813', '2020-04-12', '13:19:00', '84818', 'second', '1', '1', '3', '2020-04-12 09:19:47', '2020-04-12 17:27:32'),
(133, 54, 29, '30.092272044160897', '31.266025342047215', '30.086980130138606', '31.265296451747414', '2020-04-15', '12:21:00', '515166', 'Third', '1', '1', '1', '2020-04-12 09:20:30', '2020-04-12 09:23:25'),
(134, 54, NULL, '30.092030691237834', '31.26600623130798', '30.08512838650829', '31.264725141227245', '2020-04-14', '12:23:00', '87873', 'bzbz', '1', '1', '0', '2020-04-12 09:24:22', '2020-04-12 09:24:22'),
(135, 54, 29, '30.095739106704613', '31.27882819622755', '30.087367126542013', '31.27682995051146', '2020-04-14', '13:45:00', '8484', 'ggg', '1', '1', '1', '2020-04-12 09:45:18', '2020-04-12 13:22:33'),
(136, 54, NULL, '30.09199617075957', '31.266069933772087', '30.092010094987565', '31.2660414353013', '2020-04-15', '17:58:00', '883', 'hh', '1', '1', '0', '2020-04-12 13:59:14', '2020-04-12 13:59:14'),
(137, 52, 26, '26.052659106214456', '32.81179949641228', '26.052659106214456', '32.81179949641228', '2020-04-12', '18:16:00', '123', 'test', '1', '1', '5', '2020-04-12 16:12:37', '2020-04-12 16:20:43'),
(138, 49, 27, '30.1473551', '31.3226281', '30.1473551', '31.3226281', '2020-04-22', '22:25:00', '7', 'البل', '1', '1', '1', '2020-04-12 17:06:05', '2020-04-12 17:08:45'),
(139, 49, 27, '30.1473551', '31.3226281', '30.1473551', '31.3226281', '2020-04-29', '20:11:00', '4465', 'Mj', '2', '1', '1', '2020-04-12 17:11:22', '2020-04-12 17:21:47'),
(140, 54, NULL, '30.091956138593215', '31.266000531613823', '30.091956138593215', '31.266000531613823', '2020-04-17', '14:43:00', '888856', 'vvc', '1', '1', '0', '2020-04-16 11:44:24', '2020-04-16 11:44:24'),
(141, 54, NULL, '30.09197818529555', '31.266045123338696', '30.09197818529555', '31.266045123338696', '2020-04-18', '14:48:00', '88', 'gf', '1', '1', '0', '2020-04-16 11:48:20', '2020-04-16 11:48:20'),
(142, 54, NULL, '30.091964261063076', '31.26602198928595', '30.091964261063076', '31.26602198928595', '2020-04-18', '16:50:00', '88', 'vv', '1', '1', '0', '2020-04-16 11:50:25', '2020-04-16 11:50:25'),
(143, 54, NULL, '30.098332652220655', '31.268203631043438', '30.114831878942066', '31.266803517937664', '2020-04-17', '17:02:00', '5', 'nb', '1', '1', '0', '2020-04-16 13:03:02', '2020-04-16 13:03:02'),
(144, 54, NULL, '30.099126279215238', '31.267268545925614', '30.099886542374104', '31.267139799892906', '2020-04-18', '18:32:00', '88', 'gg', '1', '1', '0', '2020-04-16 14:32:14', '2020-04-16 14:32:14'),
(145, 60, NULL, '30.091983987058494', '31.266012601554397', '30.091983987058494', '31.266012601554397', '2020-04-30', '17:37:00', '545464', 'First', '1', '1', '0', '2020-04-29 12:38:13', '2020-04-29 12:38:13'),
(146, 60, NULL, '30.0919813762652', '31.266015619039532', '30.0919813762652', '31.266015619039532', '2020-04-29', '16:39:00', '8488', 'second', '1', '1', '0', '2020-04-29 12:39:42', '2020-04-29 12:39:42'),
(147, 60, 33, '51.17889991879489', '-1.8263999372720716', '51.17889991879489', '-1.8263999372720716', '2020-05-07', '15:45:00', '00000000', 'details', '1', '1', '1', '2020-05-05 13:44:36', '2020-05-05 13:46:59'),
(148, 60, NULL, '51.17889991879489', '-1.8263999372720716', '51.17889991879489', '-1.8263999372720716', '2020-05-05', '17:47:00', '4564', '56646', '1', '1', '0', '2020-05-05 13:48:15', '2020-05-05 13:48:15'),
(149, 60, NULL, '51.17889991879489', '-1.8263999372720716', '51.17889991879489', '-1.8263999372720716', '2020-05-06', '16:57:00', '000000', '5665', '1', '1', '0', '2020-05-05 13:57:28', '2020-05-05 13:57:28'),
(150, 63, NULL, '30.190607038469714', '31.12871870398521', '30.95138584184078', '31.31009705364704', '2020-06-20', '22:53:00', '08846454545', 'اابسمةيتطاظرشوشتشنشنس', '2', '0', '0', '2020-05-17 18:53:43', '2020-05-17 18:53:43');

-- --------------------------------------------------------

--
-- بنية الجدول `rates`
--

CREATE TABLE `rates` (
  `id` bigint(20) UNSIGNED NOT NULL,
  `user_id` int(11) NOT NULL,
  `driver_id` int(11) NOT NULL,
  `package_id` int(11) NOT NULL,
  `rate` tinyint(3) UNSIGNED NOT NULL,
  `review` text COLLATE utf8mb4_unicode_ci NOT NULL,
  `created_at` timestamp NULL DEFAULT NULL,
  `updated_at` timestamp NULL DEFAULT NULL
) ENGINE=InnoDB DEFAULT CHARSET=utf8mb4 COLLATE=utf8mb4_unicode_ci;

--
-- إرجاع أو استيراد بيانات الجدول `rates`
--

INSERT INTO `rates` (`id`, `user_id`, `driver_id`, `package_id`, `rate`, `review`, `created_at`, `updated_at`) VALUES
(1, 16, 1, 0, 4, 'it was awesome', '2020-03-03 12:16:29', '2020-03-03 12:16:29'),
(2, 21, 1, 0, 4, 'it was awesome', '2020-03-26 17:58:59', '2020-03-26 17:58:59'),
(3, 21, 3, 0, 3, 'جيد', '2020-03-26 19:11:36', '2020-03-26 19:11:36'),
(4, 21, 10, 0, 4, 'good', '2020-03-26 19:22:18', '2020-03-26 19:22:18'),
(6, 25, 11, 0, 5, 'حلو', '2020-03-31 14:12:17', '2020-03-31 14:12:17'),
(7, 25, 12, 0, 3, 'good', '2020-03-31 15:14:38', '2020-03-31 15:14:38'),
(8, 25, 11, 0, 3, 'good', '2020-04-01 16:51:59', '2020-04-01 16:51:59'),
(9, 25, 11, 0, 3, 'good', '2020-04-01 16:52:43', '2020-04-01 16:52:43'),
(10, 25, 11, 0, 3, 'good', '2020-04-01 16:54:22', '2020-04-01 16:54:22'),
(11, 25, 11, 0, 3, 'good', '2020-04-01 16:54:31', '2020-04-01 16:54:31'),
(12, 25, 11, 0, 3, 'good', '2020-04-01 16:56:31', '2020-04-01 16:56:31'),
(13, 25, 11, 0, 3, 'good', '2020-04-01 16:57:25', '2020-04-01 16:57:25'),
(17, 25, 11, 78, 5, 'good', '2020-04-02 08:56:46', '2020-04-02 08:56:46'),
(18, 25, 11, 102, 4, 'good', '2020-04-02 10:51:23', '2020-04-02 10:51:23'),
(19, 25, 11, 103, 5, 'good', '2020-04-02 10:51:32', '2020-04-02 10:51:32'),
(20, 22, 8, 106, 2, 'آكتب رايك في السائق', '2020-04-03 14:05:15', '2020-04-03 14:05:15'),
(21, 26, 12, 112, 5, 'آكتب رايك في السائقhshhs', '2020-04-04 10:56:05', '2020-04-04 10:56:05'),
(22, 22, 8, 110, 2, 'bsvdv', '2020-04-05 08:28:31', '2020-04-05 08:28:31'),
(23, 49, 27, 129, 5, '٨بههلعبعب', '2020-04-10 01:01:52', '2020-04-10 01:01:52'),
(24, 52, 26, 128, 5, 'رائع', '2020-04-12 12:28:54', '2020-04-12 12:28:54'),
(25, 54, 29, 131, 2, 'hdhdh day', '2020-04-12 14:32:20', '2020-04-12 14:32:20'),
(26, 52, 26, 126, 5, 'رائع', '2020-04-12 15:29:26', '2020-04-12 15:29:26'),
(27, 52, 26, 125, 5, 'رائع', '2020-04-12 16:02:19', '2020-04-12 16:02:19'),
(28, 52, 26, 124, 4, 'رائع', '2020-04-12 16:11:42', '2020-04-12 16:11:42'),
(29, 52, 26, 137, 4, 'good', '2020-04-12 16:20:43', '2020-04-12 16:20:43');

-- --------------------------------------------------------

--
-- بنية الجدول `rooms`
--

CREATE TABLE `rooms` (
  `id` bigint(20) UNSIGNED NOT NULL,
  `user_id` int(11) NOT NULL,
  `driver_id` int(11) NOT NULL,
  `created_at` timestamp NULL DEFAULT NULL,
  `updated_at` timestamp NULL DEFAULT NULL
) ENGINE=InnoDB DEFAULT CHARSET=utf8mb4 COLLATE=utf8mb4_unicode_ci;

-- --------------------------------------------------------

--
-- بنية الجدول `room_messages`
--

CREATE TABLE `room_messages` (
  `id` bigint(20) UNSIGNED NOT NULL,
  `room_id` int(11) NOT NULL,
  `message` text COLLATE utf8mb4_unicode_ci NOT NULL,
  `read` enum('0','1') COLLATE utf8mb4_unicode_ci NOT NULL,
  `type` enum('0','1') COLLATE utf8mb4_unicode_ci NOT NULL COMMENT '0 => from user message, 1 => from vendor message',
  `created_at` timestamp NULL DEFAULT NULL,
  `updated_at` timestamp NULL DEFAULT NULL
) ENGINE=InnoDB DEFAULT CHARSET=utf8mb4 COLLATE=utf8mb4_unicode_ci;

-- --------------------------------------------------------

--
-- بنية الجدول `settings`
--

CREATE TABLE `settings` (
  `id` int(10) UNSIGNED NOT NULL,
  `setting` varchar(191) COLLATE utf8mb4_unicode_ci NOT NULL,
  `key` varchar(191) COLLATE utf8mb4_unicode_ci NOT NULL,
  `value_en` text COLLATE utf8mb4_unicode_ci NOT NULL,
  `value_ar` text COLLATE utf8mb4_unicode_ci NOT NULL,
  `created_at` timestamp NULL DEFAULT NULL,
  `updated_at` timestamp NULL DEFAULT NULL
) ENGINE=InnoDB DEFAULT CHARSET=utf8mb4 COLLATE=utf8mb4_unicode_ci;

--
-- إرجاع أو استيراد بيانات الجدول `settings`
--

INSERT INTO `settings` (`id`, `setting`, `key`, `value_en`, `value_ar`, `created_at`, `updated_at`) VALUES
(1, 'setting', 'about', 'These Website Standard Terms and Conditions written on this webpage shall manage your use of our website, Webiste Name accessible at Website.com.\r\n\r\nThese Terms will be applied fully and affect to your use of this Website. By using this Website, you agreed to accept all terms and conditions written in here. You must not use this Website if you disagree with any of these Website Standard Terms and Conditions.\r\n\r\nMinors or people below 18 years old are not allowed to use this Website.', 'سيتم تطبيق هذه الشروط بالكامل وتؤثر على استخدامك لهذا الموقع. باستخدام هذا الموقع ، فإنك توافق على قبول جميع الشروط والأحكام المكتوبة هنا. يجب ألا تستخدم هذا الموقع إذا كنت لا توافق على أي من شروط وأحكام موقع الويب القياسية هذه.\r\n\r\nلا يُسمح للقُصّر أو الأشخاص دون سن 18 عامًا باستخدام هذا الموقع.', NULL, NULL),
(2, 'setting', 'terms', 'For a remarkable about page, all you need to do is figure out your company\'s unique identity, and then share it with the world. Easy, right? Of course not. Your \"About Us\" page is one of the most important pages on your website, and it needs to be well crafted. This profile also happens to be one of the most commonly overlooked pages, which is why you should make it stand out.\r\n\r\nThe good news? It can be done. In fact, there are some companies out there with remarkable \"About Us\" pages, the elements of which you can emulate on your own website.\r\n\r\nBy the end of this post, you\'ll know what makes some of today\'s best \"About Us\" and \"About Me\" pages so great, and how to make your own about page that shares your company\'s greatness.', 'للحصول على صفحة رائعة ، كل ما عليك فعله هو اكتشاف هوية شركتك الفريدة ، ثم مشاركتها مع العالم. حق سهل؟ بالطبع لا. تعد صفحة \"من نحن\" واحدة من أهم الصفحات على موقع الويب الخاص بك ، وهي بحاجة إلى صياغة جيدة. يحدث أيضًا أن يكون ملف التعريف هذا واحدًا من أكثر الصفحات التي يتم تجاهلها بشكل شائع ، ولهذا السبب يجب أن تبرز.\r\n\r\nالاخبار الجيدة؟ يمكن إنجازه. في الواقع ، هناك بعض الشركات التي تحتوي على صفحات \"من نحن\" الرائعة ، والتي يمكنك محاكاة عناصرها على موقع الويب الخاص بك.\r\n\r\nبحلول نهاية هذا المنشور ، ستعرف ما الذي يجعل بعضًا من أفضل صفحات اليوم \"من نحن\" و \"من أنا\" رائعة للغاية ، وكيفية جعل صفحتك الخاصة عن الصفحة التي تشارك عظمة شركتك.', NULL, NULL),
(3, 'contact', 'facebook', 'https://www.facebook.com/', 'fb.com', NULL, NULL),
(4, 'contact', 'google', 'https://www.google.com', 'google.com', NULL, NULL),
(5, 'contact', 'twitter', 'https://www.twitter.com', 'twitter.com', NULL, NULL);

-- --------------------------------------------------------

--
-- بنية الجدول `users`
--

CREATE TABLE `users` (
  `id` bigint(20) UNSIGNED NOT NULL,
  `username` varchar(191) COLLATE utf8mb4_unicode_ci NOT NULL,
  `phone` varchar(191) COLLATE utf8mb4_unicode_ci NOT NULL,
  `password` varchar(191) COLLATE utf8mb4_unicode_ci NOT NULL,
  `image` varchar(191) COLLATE utf8mb4_unicode_ci NOT NULL,
  `reset_password_code` varchar(191) COLLATE utf8mb4_unicode_ci DEFAULT NULL,
  `code_expiration` varchar(191) COLLATE utf8mb4_unicode_ci DEFAULT NULL,
  `fcm_token` varchar(191) COLLATE utf8mb4_unicode_ci DEFAULT NULL,
  `status` enum('0','1') COLLATE utf8mb4_unicode_ci NOT NULL DEFAULT '1',
  `notification` enum('0','1') COLLATE utf8mb4_unicode_ci NOT NULL DEFAULT '1',
  `verified` varchar(191) COLLATE utf8mb4_unicode_ci NOT NULL,
  `registration_id` varchar(191) COLLATE utf8mb4_unicode_ci NOT NULL,
  `created_at` timestamp NULL DEFAULT NULL,
  `updated_at` timestamp NULL DEFAULT NULL
) ENGINE=InnoDB DEFAULT CHARSET=utf8mb4 COLLATE=utf8mb4_unicode_ci;

--
-- إرجاع أو استيراد بيانات الجدول `users`
--

INSERT INTO `users` (`id`, `username`, `phone`, `password`, `image`, `reset_password_code`, `code_expiration`, `fcm_token`, `status`, `notification`, `verified`, `registration_id`, `created_at`, `updated_at`) VALUES
(58, 'فهد', '0569532966', '$2y$10$2UFawV5TuOD/gMpqdU5cXe6wylXrlOjmune5tw.qZjTkMjnHBYdGG', '044a8e481c2d3665ab88e5756f58451b.jpeg', NULL, NULL, NULL, '1', '1', '28176', 'eus6RQzsIkQ:APA91bGvKOUJxDSNyNi8u2xPO51T08p-P2cTn_i9k3paIQsoqyQTRCGHrF5LVXZ7u3shTizwClNocyPQxg1Z6DaOSxZPY6ydu8Sh_1ZOkoeUKuP0j5h2Ai9I8W4xNV7ZjOerQAdBlJDd', '2020-04-29 00:49:53', '2020-04-29 00:49:53'),
(59, 'Aya', '0501111111', '$2y$10$o/d2k/TWCZ0veSfcx5RAQ.vdbB0Gf8zX/UnjzPs/GC1OERPgpI2r.', '6b99765970f828b5fb0059ec03cc5ccc.png', NULL, NULL, NULL, '1', '1', '43079', 'cAvcFaZigPI:APA91bGF1-35mucOI02tBasPnZ5Dqr4Adq4ZzookXo7o9fGwkaPZErMj-N5zrB1Rb-QaaIxkV-YaQDPTCqyjDLYZjuByfQvQoQvshXiS1IQyb1osEQhlHvdnSzo_mXDcFn3N5WgQQrqE', '2020-04-29 11:28:17', '2020-04-29 11:28:17'),
(60, 'Aya client', '0503333333', '$2y$10$7VIfonevTnCRrErgHapeuuLKFwxJ8s8MRlVrYxcO65vDXX2exD3m6', '1d63d4595bf78fb56a9094cff29f41e3.png', NULL, NULL, NULL, '1', '1', '1', 'de-SCHbBqBY:APA91bHM3221UgyVkbG-gIfALlewbtMDV321sWKJeubFAr6vzq-HkOGoaQ8XnIPedvdn1eFVVvW78IJKmhI50NBPU7JPy1lKJV8U6593n9xbjmVZv9WL0h3ZGm_WD_Yr7-O2B7bnMQvF', '2020-04-29 12:27:11', '2020-05-20 09:57:27'),
(61, 'mohamed fadel', '0508523745', '$2y$10$BrHkq7ipf4r3ULjUsmiz6eX9gqbFODyF0t4xMcI6mMgdKIv0OzDhi', 'b72c4841ff5bb3b24cb5f4927d6c5aad.png', NULL, NULL, NULL, '1', '1', '1', 'cKa1T3inIKY:APA91bGrrMewQ-F7iCD-Z9vhP2njgKeLZ9u9HdMFTYH7XyDvc_SvnTRuPRmJLQJzpo-BNfrxtSKVYUXkLB7i-GqDy90qeJY2jPfHN9iruEvZuexUwvfCBhAEMggmJ6ixfcsPwrKoFOrk', '2020-04-29 13:50:31', '2020-04-29 13:51:57'),
(62, 'فهد', '0508337888', '$2y$10$yamiUR3I0.hrUXSQFWbVHeyyzKtBcuEoOyjx6vBa8hBrCP.Ly6lR6', '160540e52b23c34abb9bcd1699776968.jpeg', NULL, NULL, NULL, '1', '1', '1', 'eus6RQzsIkQ:APA91bGvKOUJxDSNyNi8u2xPO51T08p-P2cTn_i9k3paIQsoqyQTRCGHrF5LVXZ7u3shTizwClNocyPQxg1Z6DaOSxZPY6ydu8Sh_1ZOkoeUKuP0j5h2Ai9I8W4xNV7ZjOerQAdBlJDd', '2020-04-29 16:38:10', '2020-04-29 16:38:24'),
(63, 'mo fadel', '0501234567', '$2y$10$ly9m8M6RQcVeFqgRRBer7.AmpXw/cp90i8Ovg3RLLky6kUr6PE8lO', 'ab2c513d9b02d25f67460a31739dbd99.png', NULL, NULL, NULL, '1', '1', '1', 'cKa1T3inIKY:APA91bGrrMewQ-F7iCD-Z9vhP2njgKeLZ9u9HdMFTYH7XyDvc_SvnTRuPRmJLQJzpo-BNfrxtSKVYUXkLB7i-GqDy90qeJY2jPfHN9iruEvZuexUwvfCBhAEMggmJ6ixfcsPwrKoFOrk', '2020-05-17 18:42:51', '2020-05-17 18:42:51'),
(64, 'client', '0501234568', '$2y$10$tb1/d/c5M6d4xR50kPgJr.AB5VTsQzZJXzPgA.5DV0ehTSXmjqCre', 'f7cf94d8d09f3dda825bd55903a3eb1e.png', NULL, NULL, NULL, '1', '1', '1', 'cKa1T3inIKY:APA91bGrrMewQ-F7iCD-Z9vhP2njgKeLZ9u9HdMFTYH7XyDvc_SvnTRuPRmJLQJzpo-BNfrxtSKVYUXkLB7i-GqDy90qeJY2jPfHN9iruEvZuexUwvfCBhAEMggmJ6ixfcsPwrKoFOrk', '2020-05-17 18:46:16', '2020-05-17 18:46:16'),
(65, 'Mahmoud', '0505330606', '$2y$10$0lP1udl/mAVgjmvMALR15e1uikffnLRh3K8k9Qy72nZvw3Ix0EsZC', '9069c02f268afee2ced7a7271bd7fbcc.jpeg', NULL, NULL, NULL, '1', '1', '70067', 'df1SmD6yhOY:APA91bGjHn0MO8zetoZumoI4K2ohQvuEsQVSjY_jwM7BSKedP0JHcSNTIF4u4eLDyAnBKHLGUE_UNi5Yk8E0KpqA_YI1UQ0zZGLc32mlW0_fCMUndaKPxgrlChCI94k_yjpKbmwOsTcd', '2020-05-20 02:22:32', '2020-05-20 02:22:54');

--
-- Indexes for dumped tables
--

--
-- Indexes for table `admins`
--
ALTER TABLE `admins`
  ADD PRIMARY KEY (`id`);

--
-- Indexes for table `attaches`
--
ALTER TABLE `attaches`
  ADD PRIMARY KEY (`id`);

--
-- Indexes for table `chat`
--
ALTER TABLE `chat`
  ADD PRIMARY KEY (`id`);

--
-- Indexes for table `chat_mess`
--
ALTER TABLE `chat_mess`
  ADD PRIMARY KEY (`id`);

--
-- Indexes for table `contact_us`
--
ALTER TABLE `contact_us`
  ADD PRIMARY KEY (`id`);

--
-- Indexes for table `deliver_requests`
--
ALTER TABLE `deliver_requests`
  ADD PRIMARY KEY (`id`);

--
-- Indexes for table `drivers`
--
ALTER TABLE `drivers`
  ADD PRIMARY KEY (`id`);

--
-- Indexes for table `faq`
--
ALTER TABLE `faq`
  ADD PRIMARY KEY (`id`);

--
-- Indexes for table `migrations`
--
ALTER TABLE `migrations`
  ADD PRIMARY KEY (`id`);

--
-- Indexes for table `notifications`
--
ALTER TABLE `notifications`
  ADD PRIMARY KEY (`id`);

--
-- Indexes for table `packages`
--
ALTER TABLE `packages`
  ADD PRIMARY KEY (`id`);

--
-- Indexes for table `rates`
--
ALTER TABLE `rates`
  ADD PRIMARY KEY (`id`);

--
-- Indexes for table `rooms`
--
ALTER TABLE `rooms`
  ADD PRIMARY KEY (`id`);

--
-- Indexes for table `room_messages`
--
ALTER TABLE `room_messages`
  ADD PRIMARY KEY (`id`);

--
-- Indexes for table `settings`
--
ALTER TABLE `settings`
  ADD PRIMARY KEY (`id`);

--
-- Indexes for table `users`
--
ALTER TABLE `users`
  ADD PRIMARY KEY (`id`);

--
-- AUTO_INCREMENT for dumped tables
--

--
-- AUTO_INCREMENT for table `admins`
--
ALTER TABLE `admins`
  MODIFY `id` tinyint(3) UNSIGNED NOT NULL AUTO_INCREMENT, AUTO_INCREMENT=2;

--
-- AUTO_INCREMENT for table `attaches`
--
ALTER TABLE `attaches`
  MODIFY `id` bigint(20) UNSIGNED NOT NULL AUTO_INCREMENT, AUTO_INCREMENT=175;

--
-- AUTO_INCREMENT for table `chat`
--
ALTER TABLE `chat`
  MODIFY `id` int(10) NOT NULL AUTO_INCREMENT, AUTO_INCREMENT=42;

--
-- AUTO_INCREMENT for table `chat_mess`
--
ALTER TABLE `chat_mess`
  MODIFY `id` int(10) NOT NULL AUTO_INCREMENT, AUTO_INCREMENT=264;

--
-- AUTO_INCREMENT for table `contact_us`
--
ALTER TABLE `contact_us`
  MODIFY `id` int(10) UNSIGNED NOT NULL AUTO_INCREMENT, AUTO_INCREMENT=12;

--
-- AUTO_INCREMENT for table `deliver_requests`
--
ALTER TABLE `deliver_requests`
  MODIFY `id` bigint(20) UNSIGNED NOT NULL AUTO_INCREMENT, AUTO_INCREMENT=79;

--
-- AUTO_INCREMENT for table `drivers`
--
ALTER TABLE `drivers`
  MODIFY `id` bigint(20) UNSIGNED NOT NULL AUTO_INCREMENT, AUTO_INCREMENT=35;

--
-- AUTO_INCREMENT for table `faq`
--
ALTER TABLE `faq`
  MODIFY `id` int(10) UNSIGNED NOT NULL AUTO_INCREMENT;

--
-- AUTO_INCREMENT for table `migrations`
--
ALTER TABLE `migrations`
  MODIFY `id` int(10) UNSIGNED NOT NULL AUTO_INCREMENT, AUTO_INCREMENT=16;

--
-- AUTO_INCREMENT for table `notifications`
--
ALTER TABLE `notifications`
  MODIFY `id` bigint(20) UNSIGNED NOT NULL AUTO_INCREMENT;

--
-- AUTO_INCREMENT for table `packages`
--
ALTER TABLE `packages`
  MODIFY `id` bigint(20) UNSIGNED NOT NULL AUTO_INCREMENT, AUTO_INCREMENT=151;

--
-- AUTO_INCREMENT for table `rates`
--
ALTER TABLE `rates`
  MODIFY `id` bigint(20) UNSIGNED NOT NULL AUTO_INCREMENT, AUTO_INCREMENT=30;

--
-- AUTO_INCREMENT for table `rooms`
--
ALTER TABLE `rooms`
  MODIFY `id` bigint(20) UNSIGNED NOT NULL AUTO_INCREMENT;

--
-- AUTO_INCREMENT for table `room_messages`
--
ALTER TABLE `room_messages`
  MODIFY `id` bigint(20) UNSIGNED NOT NULL AUTO_INCREMENT;

--
-- AUTO_INCREMENT for table `settings`
--
ALTER TABLE `settings`
  MODIFY `id` int(10) UNSIGNED NOT NULL AUTO_INCREMENT, AUTO_INCREMENT=6;

--
-- AUTO_INCREMENT for table `users`
--
ALTER TABLE `users`
  MODIFY `id` bigint(20) UNSIGNED NOT NULL AUTO_INCREMENT, AUTO_INCREMENT=66;
COMMIT;

/*!40101 SET CHARACTER_SET_CLIENT=@OLD_CHARACTER_SET_CLIENT */;
/*!40101 SET CHARACTER_SET_RESULTS=@OLD_CHARACTER_SET_RESULTS */;
/*!40101 SET COLLATION_CONNECTION=@OLD_COLLATION_CONNECTION */;
