-- phpMyAdmin SQL Dump
-- version 4.9.5
-- https://www.phpmyadmin.net/
--
-- Host: localhost:3306
-- Generation Time: 02 يوليو 2020 الساعة 11:38
-- إصدار الخادم: 10.3.23-MariaDB
-- PHP Version: 7.3.6

SET SQL_MODE = "NO_AUTO_VALUE_ON_ZERO";
SET AUTOCOMMIT = 0;
START TRANSACTION;
SET time_zone = "+00:00";


/*!40101 SET @OLD_CHARACTER_SET_CLIENT=@@CHARACTER_SET_CLIENT */;
/*!40101 SET @OLD_CHARACTER_SET_RESULTS=@@CHARACTER_SET_RESULTS */;
/*!40101 SET @OLD_COLLATION_CONNECTION=@@COLLATION_CONNECTION */;
/*!40101 SET NAMES utf8mb4 */;

--
-- Database: `uriallab_monasbat`
--

-- --------------------------------------------------------

--
-- بنية الجدول `admins`
--

CREATE TABLE `admins` (
  `id` int(10) UNSIGNED NOT NULL,
  `username` varchar(255) COLLATE utf8mb4_unicode_ci NOT NULL,
  `email` varchar(255) COLLATE utf8mb4_unicode_ci NOT NULL,
  `password` varchar(255) COLLATE utf8mb4_unicode_ci NOT NULL,
  `reset_password_code` varchar(255) COLLATE utf8mb4_unicode_ci DEFAULT NULL,
  `remember_token` varchar(100) COLLATE utf8mb4_unicode_ci DEFAULT NULL,
  `created_at` timestamp NULL DEFAULT NULL,
  `updated_at` timestamp NULL DEFAULT NULL
) ENGINE=InnoDB DEFAULT CHARSET=utf8mb4 COLLATE=utf8mb4_unicode_ci;

--
-- إرجاع أو استيراد بيانات الجدول `admins`
--

INSERT INTO `admins` (`id`, `username`, `email`, `password`, `reset_password_code`, `remember_token`, `created_at`, `updated_at`) VALUES
(1, 'admin', 'admin@admin.com', '$2y$10$aZvVFLvPmEvUQtZNTPVjJ.oTp.m2A5Ka3jdT9uaI012C2UpCj8IM6', NULL, 'H3B30t9d7KujOcnuoREhKKAz35yr0zblPyai92pf2SLVuMcM5nKhfyh968me', NULL, NULL);

-- --------------------------------------------------------

--
-- بنية الجدول `ads`
--

CREATE TABLE `ads` (
  `id` int(10) UNSIGNED NOT NULL,
  `image` varchar(255) COLLATE utf8mb4_unicode_ci NOT NULL,
  `status` enum('0','1') COLLATE utf8mb4_unicode_ci NOT NULL DEFAULT '1',
  `created_at` timestamp NULL DEFAULT NULL,
  `updated_at` timestamp NULL DEFAULT NULL
) ENGINE=InnoDB DEFAULT CHARSET=utf8mb4 COLLATE=utf8mb4_unicode_ci;

--
-- إرجاع أو استيراد بيانات الجدول `ads`
--

INSERT INTO `ads` (`id`, `image`, `status`, `created_at`, `updated_at`) VALUES
(1, '30072f7e11bc9fb2261da05f2ae86ecf.jpeg', '1', '2019-12-31 11:31:23', '2020-01-19 11:15:06'),
(2, '40edc63771abe4893359b3e48783b71c.jpg', '1', '2019-12-31 11:31:23', '2020-01-19 11:14:36'),
(3, 'e8dcc844594cce6ec0dffa8978fc1d94.jpg', '1', '2019-12-31 11:31:23', '2020-01-19 11:14:09'),
(4, 'd13737d8c9239106b68fd48d9b13aa88.jpg', '1', '2020-01-19 11:15:26', '2020-01-19 11:15:26'),
(5, '5339a9a900adf9c127dc6b0ddc0210da.PNG', '1', '2020-04-01 10:24:44', '2020-04-01 10:24:44');

-- --------------------------------------------------------

--
-- بنية الجدول `attaches`
--

CREATE TABLE `attaches` (
  `id` bigint(20) UNSIGNED NOT NULL,
  `vendor_id` int(10) UNSIGNED NOT NULL,
  `image` varchar(255) COLLATE utf8mb4_unicode_ci NOT NULL,
  `file_type` varchar(255) COLLATE utf8mb4_unicode_ci NOT NULL,
  `created_at` timestamp NULL DEFAULT NULL,
  `updated_at` timestamp NULL DEFAULT NULL
) ENGINE=InnoDB DEFAULT CHARSET=utf8mb4 COLLATE=utf8mb4_unicode_ci;

--
-- إرجاع أو استيراد بيانات الجدول `attaches`
--

INSERT INTO `attaches` (`id`, `vendor_id`, `image`, `file_type`, `created_at`, `updated_at`) VALUES
(89, 118, '06bedf551c2784b391fbb80f832daa24.mp4', 'video/mp4', '2020-04-13 11:19:45', '2020-04-13 11:19:45'),
(92, 119, 'ffc60608aa4700584eae0133492fe209.jpeg', 'image/jpeg', '2020-04-13 12:48:54', '2020-04-13 12:48:54'),
(93, 119, 'd49819df4a320c9a9fa922aadbe805ef.mp4', 'video/mp4', '2020-04-13 12:50:14', '2020-04-13 12:50:14'),
(99, 128, '73f99893fcefcf0a258169e7a6b4cae2.mp4', 'video/mp4', '2020-04-18 18:54:37', '2020-04-18 18:54:37'),
(104, 136, '6ad27e1c13a576efd4a22652dce1c303.mp4', 'video/mp4', '2020-04-19 10:35:54', '2020-04-19 10:35:54'),
(105, 136, '9ced29a9844b90275be343b6b769295d.jpg', 'image/jpeg', '2020-04-19 10:36:11', '2020-04-19 10:36:11'),
(106, 136, 'fda3c22df93d61edd7827739fd1ddce6.jpg', 'image/jpeg', '2020-04-19 10:50:28', '2020-04-19 10:50:28'),
(107, 121, 'f44041424ab017eb59b858e671752df3.jpg', 'image/jpeg', '2020-04-26 11:08:12', '2020-04-26 11:08:12'),
(108, 121, '1c5cbcc0ea51014b815bc5011c2885a5.jpg', 'video/mp4', '2020-04-26 11:09:22', '2020-04-26 11:09:22'),
(109, 121, '5be7a3e1ce68c6cf753cf143a977665e.jpg', 'image/jpeg', '2020-04-26 11:25:00', '2020-04-26 11:25:00'),
(110, 121, '65f5c71cb5844596606517cb1f63f01a.jpg', 'image/jpeg', '2020-04-26 11:26:35', '2020-04-26 11:26:35'),
(111, 121, 'b61fd31b944e6b318d8e3bc3ede2e1ce.mp4', 'video/mp4', '2020-04-26 11:27:24', '2020-04-26 11:27:24'),
(113, 122, '7987f8f1ec8d3c3775c03475cbc862b2.mp4', 'video/mp4', '2020-04-29 02:09:36', '2020-04-29 02:09:36'),
(114, 139, '8c80f57b9ecd1b883148cd3649f1dad8.mp4', 'video/mp4', '2020-04-30 22:11:29', '2020-04-30 22:11:29'),
(115, 151, '21e8a48c8ce49eee25892c779da16078.jpg', 'image/jpeg', '2020-05-12 19:28:53', '2020-05-12 19:28:53'),
(117, 151, '54c3fc91a44a2f3f5d78b78cb946aea7.mp4', 'video/mp4', '2020-05-12 19:33:22', '2020-05-12 19:33:22');

-- --------------------------------------------------------

--
-- بنية الجدول `categories`
--

CREATE TABLE `categories` (
  `id` int(10) UNSIGNED NOT NULL,
  `title_ar` varchar(255) COLLATE utf8mb4_unicode_ci NOT NULL,
  `title_en` varchar(255) COLLATE utf8mb4_unicode_ci NOT NULL,
  `image` varchar(255) COLLATE utf8mb4_unicode_ci NOT NULL,
  `created_at` timestamp NULL DEFAULT NULL,
  `updated_at` timestamp NULL DEFAULT NULL
) ENGINE=InnoDB DEFAULT CHARSET=utf8mb4 COLLATE=utf8mb4_unicode_ci;

--
-- إرجاع أو استيراد بيانات الجدول `categories`
--

INSERT INTO `categories` (`id`, `title_ar`, `title_en`, `image`, `created_at`, `updated_at`) VALUES
(1, 'مصورين أفراح', 'wedding photographers', '0eba7f8aa82794d4ac4f1eb38c6a2ad2.jpg', NULL, '2020-01-19 11:04:43');

-- --------------------------------------------------------

--
-- بنية الجدول `cities`
--

CREATE TABLE `cities` (
  `id` int(10) UNSIGNED NOT NULL,
  `title_ar` varchar(255) COLLATE utf8mb4_unicode_ci NOT NULL,
  `title_en` varchar(255) COLLATE utf8mb4_unicode_ci NOT NULL,
  `created_at` timestamp NULL DEFAULT NULL,
  `updated_at` timestamp NULL DEFAULT NULL
) ENGINE=InnoDB DEFAULT CHARSET=utf8mb4 COLLATE=utf8mb4_unicode_ci;

--
-- إرجاع أو استيراد بيانات الجدول `cities`
--

INSERT INTO `cities` (`id`, `title_ar`, `title_en`, `created_at`, `updated_at`) VALUES
(1, 'مدينة  تعديل 20', 'city update 23', NULL, '2019-12-31 06:10:54'),
(2, 'نلتبي', 'fsda', '2020-02-26 16:56:10', '2020-02-26 16:56:10');

-- --------------------------------------------------------

--
-- بنية الجدول `contact_us`
--

CREATE TABLE `contact_us` (
  `id` int(10) UNSIGNED NOT NULL,
  `name` varchar(255) COLLATE utf8mb4_unicode_ci NOT NULL,
  `phone` varchar(255) COLLATE utf8mb4_unicode_ci NOT NULL,
  `title` varchar(255) COLLATE utf8mb4_unicode_ci NOT NULL,
  `message` text COLLATE utf8mb4_unicode_ci NOT NULL,
  `created_at` timestamp NULL DEFAULT NULL,
  `updated_at` timestamp NULL DEFAULT NULL
) ENGINE=InnoDB DEFAULT CHARSET=utf8mb4 COLLATE=utf8mb4_unicode_ci;

--
-- إرجاع أو استيراد بيانات الجدول `contact_us`
--

INSERT INTO `contact_us` (`id`, `name`, `phone`, `title`, `message`, `created_at`, `updated_at`) VALUES
(1, 'سماء', '01122888999', 'test contact', 'test test test test test test', '2020-01-04 07:41:55', '2020-01-04 07:41:55'),
(2, 'سماء', '01122888999', 'test contact', 'test test test test test test', '2020-01-08 06:38:12', '2020-01-08 06:38:12'),
(3, 'سماء', '01122888999', 't', 't', '2020-01-08 06:50:25', '2020-01-08 06:50:25'),
(4, 'سماء', '01122888999', 'vgg', 'high', '2020-01-08 07:11:30', '2020-01-08 07:11:30'),
(5, 'سماء', '01122888999', 'vgg', 'high', '2020-01-08 07:12:15', '2020-01-08 07:12:15'),
(6, 'سماء', '01122888999', 'vcccff', 'Blvd', '2020-01-08 07:15:41', '2020-01-08 07:15:41'),
(7, 'سماء', '01122888999', 'test-curl', 'test-curl-message', '2020-01-16 08:04:13', '2020-01-16 08:04:13'),
(8, 'سماء', '01122888999', 'test-curl', 'test-curl-message', '2020-01-16 08:28:12', '2020-01-16 08:28:12'),
(9, 'سماء', '01122888999', 'llklklk', 'lkjlkjlkj', '2020-01-19 23:35:55', '2020-01-19 23:35:55'),
(10, 'سماء', '01122888999', 'vgg', 'Vvv', '2020-01-23 11:12:35', '2020-01-23 11:12:35'),
(11, 'سماء', '01122888999', 'ghg', 'jgtyivv', '2020-02-05 10:29:20', '2020-02-05 10:29:20'),
(12, 'سماء', '01122888999', 'تيتيتتيتيت', 'تتبازثاق', '2020-02-13 22:36:26', '2020-02-13 22:36:26'),
(13, 'سماء', '01122888999', 'التالتلل', 'ندى', '2020-03-01 00:39:57', '2020-03-01 00:39:57'),
(14, 'سماء', '01122888999', 'شنو شنو', 'شنو تريد', '2020-03-06 03:53:46', '2020-03-06 03:53:46'),
(15, 'سماء', '01122888999', 'اال', '٠٠٠طط٠ض', '2020-03-06 04:06:37', '2020-03-06 04:06:37'),
(16, 'سماء', '01122888999', 'اال', '٠٠٠طط٠ض', '2020-03-06 04:06:38', '2020-03-06 04:06:38'),
(17, 'سماء', '01122888999', 'الاا', 'التلت', '2020-04-01 10:46:15', '2020-04-01 10:46:15'),
(18, 'سماء', '01122888999', 'uvibn', 'ubjjghbvv', '2020-04-10 00:11:01', '2020-04-10 00:11:01'),
(19, 'سماء', '01122888999', 'h GB igjgbb   b', 'uh fun iknmkooo', '2020-04-10 00:11:15', '2020-04-10 00:11:15'),
(20, 'سماء', '01122888999', 'h GB igjgbb   b', 'uh fun iknmkooo', '2020-04-10 00:11:15', '2020-04-10 00:11:15'),
(21, 'سماء', '01122888999', 'h GB igjgbb   b', 'uh fun iknmkooo', '2020-04-10 00:11:15', '2020-04-10 00:11:15'),
(22, 'سماء', '01122888999', 'فاضل', 'ظ نىماخاملخ', '2020-04-13 12:52:56', '2020-04-13 12:52:56'),
(23, 'سماء', '01122888999', 'فاضل', 'ظ نىماخاملخ', '2020-04-13 12:52:56', '2020-04-13 12:52:56'),
(24, 'سماء', '01122888999', 'ىهىنىن', 'مىملنلنل', '2020-04-13 12:53:05', '2020-04-13 12:53:05');

-- --------------------------------------------------------

--
-- بنية الجدول `faq`
--

CREATE TABLE `faq` (
  `id` int(10) UNSIGNED NOT NULL,
  `question_en` varchar(255) COLLATE utf8mb4_unicode_ci NOT NULL,
  `question_ar` varchar(255) COLLATE utf8mb4_unicode_ci NOT NULL,
  `answer_en` varchar(255) COLLATE utf8mb4_unicode_ci NOT NULL,
  `answer_ar` varchar(255) COLLATE utf8mb4_unicode_ci NOT NULL,
  `created_at` timestamp NULL DEFAULT NULL,
  `updated_at` timestamp NULL DEFAULT NULL
) ENGINE=InnoDB DEFAULT CHARSET=utf8mb4 COLLATE=utf8mb4_unicode_ci;

--
-- إرجاع أو استيراد بيانات الجدول `faq`
--

INSERT INTO `faq` (`id`, `question_en`, `question_ar`, `answer_en`, `answer_ar`, `created_at`, `updated_at`) VALUES
(1, 'question_en', 'سؤال عربي 1', 'answer_ar', 'اجابة عربي 1', NULL, NULL),
(2, 'question_en 2', 'سؤال عربي 2', 'answer_en 2', 'اجابة عربي 2', NULL, NULL),
(3, 'question_en', 'سؤال عربي 1', 'answer_ar', 'اجابة عربي 1', NULL, NULL),
(4, 'question_en 2', 'سؤال عربي 2', 'answer_en 2', 'اجابة عربي 2', NULL, NULL);

-- --------------------------------------------------------

--
-- بنية الجدول `favorites`
--

CREATE TABLE `favorites` (
  `id` bigint(20) UNSIGNED NOT NULL,
  `user_id` int(10) UNSIGNED NOT NULL,
  `vendor_id` int(10) UNSIGNED NOT NULL,
  `created_at` timestamp NULL DEFAULT NULL,
  `updated_at` timestamp NULL DEFAULT NULL
) ENGINE=InnoDB DEFAULT CHARSET=utf8mb4 COLLATE=utf8mb4_unicode_ci;

--
-- إرجاع أو استيراد بيانات الجدول `favorites`
--

INSERT INTO `favorites` (`id`, `user_id`, `vendor_id`, `created_at`, `updated_at`) VALUES
(3, 8, 42, '2020-01-19 09:28:05', '2020-01-19 09:28:05'),
(10, 43, 41, '2020-01-20 12:27:46', '2020-01-20 12:27:46'),
(11, 44, 3, '2020-01-20 12:50:13', '2020-01-20 12:50:13'),
(12, 8, 4, '2020-01-21 14:18:56', '2020-01-21 14:18:56'),
(13, 8, 22, '2020-01-21 14:19:20', '2020-01-21 14:19:20'),
(14, 8, 26, '2020-01-21 14:20:24', '2020-01-21 14:20:24'),
(15, 45, 3, '2020-01-22 18:30:17', '2020-01-22 18:30:17'),
(16, 45, 4, '2020-01-22 18:30:23', '2020-01-22 18:30:23'),
(17, 46, 3, '2020-01-22 18:33:41', '2020-01-22 18:33:41'),
(18, 49, 50, '2020-01-23 11:11:43', '2020-01-23 11:11:43'),
(19, 8, 41, '2020-01-26 23:37:12', '2020-01-26 23:37:12'),
(20, 53, 41, '2020-01-29 09:53:54', '2020-01-29 09:53:54'),
(22, 54, 3, '2020-02-05 13:10:19', '2020-02-05 13:10:19'),
(24, 55, 3, '2020-02-13 20:50:27', '2020-02-13 20:50:27'),
(28, 56, 22, '2020-02-14 02:00:13', '2020-02-14 02:00:13'),
(44, 58, 60, '2020-02-17 23:34:31', '2020-02-17 23:34:31'),
(46, 58, 47, '2020-02-17 23:35:10', '2020-02-17 23:35:10'),
(47, 8, 3, '2020-02-23 12:22:39', '2020-02-23 12:22:39'),
(50, 61, 3, '2020-02-26 23:43:38', '2020-02-26 23:43:38'),
(54, 64, 41, '2020-02-27 13:17:14', '2020-02-27 13:17:14'),
(55, 65, 68, '2020-02-27 13:19:18', '2020-02-27 13:19:18'),
(56, 65, 22, '2020-02-27 13:20:55', '2020-02-27 13:20:55'),
(59, 68, 41, '2020-03-01 00:42:08', '2020-03-01 00:42:08'),
(61, 73, 28, '2020-03-02 00:41:24', '2020-03-02 00:41:24'),
(62, 74, 72, '2020-03-02 00:48:09', '2020-03-02 00:48:09'),
(65, 78, 22, '2020-03-04 04:45:50', '2020-03-04 04:45:50'),
(67, 78, 24, '2020-03-04 04:46:51', '2020-03-04 04:46:51'),
(68, 77, 26, '2020-03-04 05:01:09', '2020-03-04 05:01:09'),
(71, 80, 79, '2020-03-05 15:55:33', '2020-03-05 15:55:33'),
(72, 80, 68, '2020-03-05 15:56:52', '2020-03-05 15:56:52'),
(76, 86, 85, '2020-03-06 04:12:08', '2020-03-06 04:12:08'),
(77, 86, 75, '2020-03-06 04:14:06', '2020-03-06 04:14:06'),
(78, 89, 85, '2020-03-06 06:41:22', '2020-03-06 06:41:22'),
(79, 92, 3, '2020-03-16 09:27:42', '2020-03-16 09:27:42'),
(80, 98, 47, '2020-03-19 13:09:07', '2020-03-19 13:09:07'),
(82, 98, 101, '2020-03-19 14:18:04', '2020-03-19 14:18:04'),
(85, 98, 3, '2020-03-19 17:44:12', '2020-03-19 17:44:12'),
(87, 108, 22, '2020-04-01 10:59:45', '2020-04-01 10:59:45'),
(90, 124, 119, '2020-04-17 12:26:39', '2020-04-17 12:26:39'),
(91, 127, 119, '2020-04-18 18:51:15', '2020-04-18 18:51:15'),
(92, 129, 121, '2020-04-19 02:38:40', '2020-04-19 02:38:40'),
(97, 132, 119, '2020-04-19 06:01:09', '2020-04-19 06:01:09'),
(101, 138, 125, '2020-04-26 21:31:54', '2020-04-26 21:31:54'),
(103, 146, 119, '2020-05-05 06:31:20', '2020-05-05 06:31:20'),
(104, 146, 147, '2020-05-05 06:36:41', '2020-05-05 06:36:41'),
(105, 150, 125, '2020-05-12 09:43:54', '2020-05-12 09:43:54'),
(106, 152, 125, '2020-05-12 19:45:42', '2020-05-12 19:45:42'),
(107, 154, 119, '2020-05-31 21:18:00', '2020-05-31 21:18:00');

-- --------------------------------------------------------

--
-- بنية الجدول `migrations`
--

CREATE TABLE `migrations` (
  `id` int(10) UNSIGNED NOT NULL,
  `migration` varchar(255) COLLATE utf8mb4_unicode_ci NOT NULL,
  `batch` int(11) NOT NULL
) ENGINE=InnoDB DEFAULT CHARSET=utf8mb4 COLLATE=utf8mb4_unicode_ci;

--
-- إرجاع أو استيراد بيانات الجدول `migrations`
--

INSERT INTO `migrations` (`id`, `migration`, `batch`) VALUES
(1, '2014_10_12_000000_create_users_table', 1),
(2, '2019_12_23_122007_create_admins_table', 1),
(4, '2019_12_23_122131_create_ads_table', 1),
(5, '2019_12_23_122139_create_categories_table', 1),
(6, '2019_12_23_124055_create_cities_table', 1),
(7, '2019_12_23_124115_create_plans_table', 1),
(8, '2019_12_23_124133_create_vendor_plans_table', 1),
(9, '2019_12_23_124151_create_favorites_table', 1),
(10, '2019_12_23_124205_create_notifications_table', 1),
(12, '2019_12_23_124233_create_attaches_table', 1),
(13, '2019_12_24_131730_create_rates_table', 1),
(14, '2019_12_23_122053_create_vendor_details_table', 2),
(15, '2019_12_23_124223_create_rooms_table', 3),
(17, '2019_12_31_092744_create_room_messages_table', 4),
(18, '2019_11_13_124801_create_contact_us_table', 5),
(19, '2019_11_11_144412_create_faq_table', 6),
(20, '2019_10_31_110627_create_settings_table', 7);

-- --------------------------------------------------------

--
-- بنية الجدول `notifications`
--

CREATE TABLE `notifications` (
  `id` bigint(20) UNSIGNED NOT NULL,
  `user_id` int(11) NOT NULL,
  `body_ar` varchar(255) COLLATE utf8mb4_unicode_ci NOT NULL,
  `body_en` varchar(255) COLLATE utf8mb4_unicode_ci NOT NULL,
  `created_at` timestamp NULL DEFAULT NULL,
  `updated_at` timestamp NULL DEFAULT NULL
) ENGINE=InnoDB DEFAULT CHARSET=utf8mb4 COLLATE=utf8mb4_unicode_ci;

-- --------------------------------------------------------

--
-- بنية الجدول `plans`
--

CREATE TABLE `plans` (
  `id` int(10) UNSIGNED NOT NULL,
  `title_ar` varchar(255) COLLATE utf8mb4_unicode_ci NOT NULL,
  `title_en` varchar(255) COLLATE utf8mb4_unicode_ci NOT NULL,
  `description_ar` varchar(255) COLLATE utf8mb4_unicode_ci NOT NULL,
  `description_en` varchar(255) COLLATE utf8mb4_unicode_ci NOT NULL,
  `price` int(11) NOT NULL,
  `period` tinyint(3) UNSIGNED NOT NULL COMMENT 'stored in months',
  `created_at` timestamp NULL DEFAULT NULL,
  `updated_at` timestamp NULL DEFAULT NULL
) ENGINE=InnoDB DEFAULT CHARSET=utf8mb4 COLLATE=utf8mb4_unicode_ci;

--
-- إرجاع أو استيراد بيانات الجدول `plans`
--

INSERT INTO `plans` (`id`, `title_ar`, `title_en`, `description_ar`, `description_en`, `price`, `period`, `created_at`, `updated_at`) VALUES
(1, 'الخطة الشهرية تعديل', 'month plan', 'تفاصيل الخطة الشهرية تفاصيل الخطة الشهرية تفاصيل الخطة الشهرية', 'month plan description month plan description month plan description', 250, 2, '2019-12-29 10:08:37', '2019-12-29 10:21:24'),
(3, 'باقه جديده', 'newplan', 'باقه جديدهباقه جديده', 'newplannewplan', 120, 10, '2020-03-16 13:29:30', '2020-03-16 13:29:30');

-- --------------------------------------------------------

--
-- بنية الجدول `rates`
--

CREATE TABLE `rates` (
  `id` bigint(20) UNSIGNED NOT NULL,
  `user_id` int(10) UNSIGNED NOT NULL,
  `vendor_id` int(10) UNSIGNED DEFAULT NULL,
  `rate` tinyint(3) UNSIGNED NOT NULL COMMENT 'from 1 to 5',
  `review` text COLLATE utf8mb4_unicode_ci DEFAULT NULL,
  `created_at` timestamp NULL DEFAULT NULL,
  `updated_at` timestamp NULL DEFAULT NULL
) ENGINE=InnoDB DEFAULT CHARSET=utf8mb4 COLLATE=utf8mb4_unicode_ci;

--
-- إرجاع أو استيراد بيانات الجدول `rates`
--

INSERT INTO `rates` (`id`, `user_id`, `vendor_id`, `rate`, `review`, `created_at`, `updated_at`) VALUES
(1, 2, 3, 5, NULL, '2020-01-01 09:08:01', '2020-01-01 09:08:01'),
(6, 1, 3, 3, NULL, '2020-01-01 09:21:31', '2020-01-01 09:21:31'),
(7, 8, 3, 4, NULL, '2020-02-17 21:35:48', '2020-02-17 21:35:48'),
(8, 58, 60, 4, NULL, '2020-02-17 23:34:37', '2020-02-17 23:34:37'),
(9, 61, 3, 5, NULL, '2020-02-26 23:43:30', '2020-02-26 23:43:30'),
(10, 64, 41, 5, NULL, '2020-02-27 13:17:10', '2020-02-27 13:17:10'),
(11, 67, 61, 5, NULL, '2020-03-01 00:38:57', '2020-03-01 00:38:57'),
(12, 73, 3, 3, NULL, '2020-03-02 00:41:55', '2020-03-02 00:41:55'),
(13, 80, 79, 5, NULL, '2020-03-05 15:55:31', '2020-03-05 15:55:31'),
(14, 83, 41, 5, NULL, '2020-03-05 17:30:50', '2020-03-05 17:30:50'),
(15, 83, 4, 1, NULL, '2020-03-05 17:31:26', '2020-03-05 17:31:26'),
(16, 86, 75, 5, NULL, '2020-03-06 04:14:03', '2020-03-06 04:14:03'),
(17, 98, 4, 5, NULL, '2020-03-19 13:08:48', '2020-03-19 13:08:48'),
(18, 120, 119, 4, NULL, '2020-04-13 12:59:23', '2020-04-13 12:59:23'),
(19, 123, 119, 3, NULL, '2020-04-14 08:26:03', '2020-04-14 08:26:03'),
(20, 127, 119, 5, NULL, '2020-04-18 18:51:13', '2020-04-18 18:51:13'),
(21, 129, 119, 1, NULL, '2020-04-19 02:39:48', '2020-04-19 02:39:48'),
(22, 132, 119, 5, NULL, '2020-04-19 06:03:18', '2020-04-19 06:03:18'),
(23, 135, 119, 2, NULL, '2020-04-19 10:29:58', '2020-04-19 10:29:58'),
(24, 120, 121, 1, NULL, '2020-04-26 11:23:19', '2020-04-26 11:23:19'),
(25, 138, 119, 4, NULL, '2020-04-26 21:30:47', '2020-04-26 21:30:47'),
(26, 146, 119, 3, NULL, '2020-05-05 06:31:30', '2020-05-05 06:31:30');

-- --------------------------------------------------------

--
-- بنية الجدول `rooms`
--

CREATE TABLE `rooms` (
  `id` bigint(20) UNSIGNED NOT NULL,
  `sender_id` int(11) NOT NULL,
  `receiver_id` int(11) NOT NULL,
  `created_at` timestamp NULL DEFAULT NULL,
  `updated_at` timestamp NULL DEFAULT NULL
) ENGINE=InnoDB DEFAULT CHARSET=utf8mb4 COLLATE=utf8mb4_unicode_ci;

--
-- إرجاع أو استيراد بيانات الجدول `rooms`
--

INSERT INTO `rooms` (`id`, `sender_id`, `receiver_id`, `created_at`, `updated_at`) VALUES
(6, 3, 2, '2020-01-22 18:37:09', '2020-01-22 18:37:09'),
(9, 3, 3, '2020-01-23 01:25:57', '2020-01-23 01:25:57'),
(10, 8, 41, '2020-01-23 02:06:03', '2020-01-23 02:06:03'),
(11, 9, 41, '2020-01-23 06:14:55', '2020-01-23 06:14:55'),
(12, 3, 41, '2020-01-23 06:25:03', '2020-01-23 06:25:03'),
(13, 2, 41, '2020-01-23 06:28:24', '2020-01-23 06:28:24'),
(14, 8, 3, '2020-01-23 06:31:46', '2020-01-23 06:31:46'),
(15, 48, 42, '2020-01-23 10:21:44', '2020-01-23 10:21:44'),
(16, 49, 3, '2020-01-23 11:01:40', '2020-01-23 11:01:40'),
(17, 49, 50, '2020-01-23 11:07:24', '2020-01-23 11:07:24'),
(18, 1, 6, '2020-01-26 12:29:36', '2020-01-26 12:29:36'),
(19, 1, 8, '2020-01-26 12:32:14', '2020-01-26 12:32:14'),
(20, 1, 3, '2020-01-26 12:49:20', '2020-01-26 12:49:20'),
(21, 8, 50, '2020-01-27 00:50:06', '2020-01-27 00:50:06'),
(22, 53, 41, '2020-01-29 09:54:09', '2020-01-29 09:54:09'),
(23, 54, 3, '2020-02-05 13:09:35', '2020-02-05 13:09:35'),
(24, 55, 3, '2020-02-13 22:35:30', '2020-02-13 22:35:30'),
(25, 56, 41, '2020-02-14 02:06:46', '2020-02-14 02:06:46'),
(26, 58, 60, '2020-02-17 23:34:44', '2020-02-17 23:34:44'),
(27, 58, 47, '2020-02-17 23:35:20', '2020-02-17 23:35:20'),
(28, 61, 3, '2020-02-26 23:42:23', '2020-02-26 23:42:23'),
(29, 64, 47, '2020-02-27 13:17:00', '2020-02-27 13:17:00'),
(30, 65, 68, '2020-02-27 13:19:33', '2020-02-27 13:19:33'),
(31, 67, 61, '2020-03-01 00:39:17', '2020-03-01 00:39:17'),
(32, 73, 3, '2020-03-02 00:41:44', '2020-03-02 00:41:44'),
(33, 74, 60, '2020-03-02 00:47:15', '2020-03-02 00:47:15'),
(34, 74, 72, '2020-03-02 00:48:04', '2020-03-02 00:48:04'),
(35, 77, 72, '2020-03-03 03:26:38', '2020-03-03 03:26:38'),
(36, 78, 76, '2020-03-04 04:37:54', '2020-03-04 04:37:54'),
(37, 80, 3, '2020-03-05 15:54:06', '2020-03-05 15:54:06'),
(38, 80, 79, '2020-03-05 15:55:43', '2020-03-05 15:55:43'),
(39, 83, 47, '2020-03-05 17:30:15', '2020-03-05 17:30:15'),
(40, 86, 85, '2020-03-06 04:12:15', '2020-03-06 04:12:15'),
(41, 89, 85, '2020-03-06 06:41:27', '2020-03-06 06:41:27'),
(42, 92, 3, '2020-03-16 09:27:36', '2020-03-16 09:27:36'),
(43, 98, 101, '2020-03-19 14:18:19', '2020-03-19 14:18:19'),
(44, 108, 3, '2020-04-01 11:00:09', '2020-04-01 11:00:09'),
(45, 120, 121, '2020-04-15 01:21:19', '2020-04-15 01:21:19'),
(46, 124, 122, '2020-04-17 12:26:14', '2020-04-17 12:26:14'),
(47, 127, 119, '2020-04-18 18:51:19', '2020-04-18 18:51:19'),
(48, 120, 119, '2020-04-19 06:17:19', '2020-04-19 06:17:19'),
(49, 137, 136, '2020-04-19 11:26:49', '2020-04-19 11:26:49'),
(50, 138, 119, '2020-04-26 21:30:36', '2020-04-26 21:30:36'),
(51, 140, 119, '2020-05-05 01:42:52', '2020-05-05 01:42:52'),
(52, 141, 119, '2020-05-05 00:33:16', '2020-05-05 00:33:16'),
(53, 141, 121, '2020-05-05 00:44:00', '2020-05-05 00:44:00'),
(54, 146, 147, '2020-05-05 06:36:48', '2020-05-05 06:36:48'),
(55, 150, 119, '2020-05-12 09:47:24', '2020-05-12 09:47:24'),
(56, 154, 119, '2020-05-31 21:18:05', '2020-05-31 21:18:05');

-- --------------------------------------------------------

--
-- بنية الجدول `room_messages`
--

CREATE TABLE `room_messages` (
  `id` bigint(20) UNSIGNED NOT NULL,
  `room_id` bigint(20) UNSIGNED NOT NULL,
  `user_id` bigint(20) UNSIGNED NOT NULL,
  `content` text COLLATE utf8mb4_unicode_ci NOT NULL,
  `read` enum('0','1') COLLATE utf8mb4_unicode_ci NOT NULL DEFAULT '1',
  `type` enum('0','1') COLLATE utf8mb4_unicode_ci NOT NULL COMMENT '0 => text, 1 => files',
  `created_at` timestamp NULL DEFAULT NULL,
  `updated_at` timestamp NULL DEFAULT NULL
) ENGINE=InnoDB DEFAULT CHARSET=utf8mb4 COLLATE=utf8mb4_unicode_ci;

--
-- إرجاع أو استيراد بيانات الجدول `room_messages`
--

INSERT INTO `room_messages` (`id`, `room_id`, `user_id`, `content`, `read`, `type`, `created_at`, `updated_at`) VALUES
(179, 46, 124, 'نحتاج تصوير حفلة زواج', '0', '0', '2020-04-17 12:26:14', '2020-05-05 06:17:57'),
(180, 47, 127, 'gf', '1', '0', '2020-04-18 18:51:19', '2020-04-18 18:51:19'),
(182, 49, 137, 'h', '1', '0', '2020-04-19 11:26:49', '2020-04-19 11:26:49'),
(183, 49, 137, 'الةةة', '1', '0', '2020-04-19 11:27:13', '2020-04-19 11:27:13'),
(184, 49, 136, 'اهلين', '1', '0', '2020-04-19 11:27:34', '2020-04-19 11:27:34'),
(185, 49, 136, 'الوو', '1', '0', '2020-04-19 11:28:12', '2020-04-19 11:28:12'),
(186, 49, 136, 'الززز', '1', '0', '2020-04-19 11:28:21', '2020-04-19 11:28:21'),
(187, 49, 136, 'الوو', '1', '0', '2020-04-19 11:29:03', '2020-04-19 11:29:03'),
(188, 49, 136, 'الوو', '1', '0', '2020-04-19 11:29:09', '2020-04-19 11:29:09'),
(189, 49, 137, 'اا', '1', '0', '2020-04-19 11:29:28', '2020-04-19 11:29:28'),
(190, 49, 137, 'الززز', '1', '0', '2020-04-19 11:29:44', '2020-04-19 11:29:44'),
(191, 49, 137, 'الات', '1', '0', '2020-04-19 11:29:51', '2020-04-19 11:29:51'),
(192, 49, 136, '😯😯', '1', '0', '2020-04-19 11:30:11', '2020-04-19 11:30:11'),
(193, 49, 136, 'تاات', '1', '0', '2020-04-19 11:30:19', '2020-04-19 11:30:19'),
(194, 49, 136, 'الووو', '1', '0', '2020-04-19 11:30:57', '2020-04-19 11:30:57'),
(195, 49, 136, 'الزززز', '1', '0', '2020-04-19 11:31:29', '2020-04-19 11:31:29'),
(196, 49, 136, 'الزززز', '1', '0', '2020-04-19 11:31:29', '2020-04-19 11:31:29'),
(197, 49, 137, 'الززز', '1', '0', '2020-04-19 11:31:57', '2020-04-19 11:31:57'),
(198, 49, 136, 'عاعه', '1', '0', '2020-04-19 11:32:22', '2020-04-19 11:32:22'),
(199, 49, 136, 'عاعه', '1', '0', '2020-04-19 11:32:22', '2020-04-19 11:32:22'),
(200, 49, 137, 'الزززز', '1', '0', '2020-04-19 11:34:05', '2020-04-19 11:34:05'),
(201, 49, 136, 'الووو', '1', '0', '2020-04-19 11:34:19', '2020-04-19 11:34:19'),
(202, 49, 136, 'الاتا', '1', '0', '2020-04-19 11:34:25', '2020-04-19 11:34:25'),
(203, 49, 136, 'الاتا', '1', '0', '2020-04-19 11:34:26', '2020-04-19 11:34:26'),
(204, 49, 137, 'نتت', '1', '0', '2020-04-19 11:34:43', '2020-04-19 11:34:43'),
(205, 49, 137, 'الززز', '1', '0', '2020-04-19 11:37:32', '2020-04-19 11:37:32'),
(206, 49, 136, 'الززز', '1', '0', '2020-04-19 11:37:56', '2020-04-19 11:37:56'),
(207, 49, 136, 'الززز', '1', '0', '2020-04-19 11:37:56', '2020-04-19 11:37:56'),
(208, 49, 136, 'ت', '1', '0', '2020-04-19 11:38:01', '2020-04-19 11:38:01'),
(209, 49, 136, 'ت', '1', '0', '2020-04-19 11:38:02', '2020-04-19 11:38:02'),
(210, 46, 122, 'اهلا بيك', '0', '0', '2020-04-24 00:17:21', '2020-05-05 06:17:57'),
(212, 45, 121, 'h', '1', '0', '2020-04-26 11:18:12', '2020-04-26 11:18:12'),
(213, 45, 121, 'i', '1', '0', '2020-04-26 11:18:19', '2020-04-26 11:18:19'),
(214, 45, 121, 'k', '1', '0', '2020-04-26 11:18:34', '2020-04-26 11:18:34'),
(216, 50, 138, 'gf', '1', '0', '2020-04-26 21:30:36', '2020-04-26 21:30:36'),
(217, 51, 140, 'ss', '0', '', '2020-04-26 21:30:36', '2020-05-04 23:55:57'),
(218, 51, 140, 'ss', '0', '0', '2020-04-26 21:30:36', '2020-05-04 23:55:57'),
(219, 52, 141, 'السلام', '0', '0', '2020-05-05 00:33:16', '2020-05-05 00:33:17'),
(220, 52, 141, 'اهلا', '0', '0', '2020-05-05 00:39:30', '2020-05-05 00:39:31'),
(221, 53, 141, 'اهلا', '0', '0', '2020-05-05 00:44:00', '2020-05-05 00:44:01'),
(222, 53, 121, 'hi', '0', '0', '2020-05-05 00:44:41', '2020-05-05 00:44:42'),
(223, 53, 121, 'g', '0', '0', '2020-05-05 00:46:17', '2020-05-05 00:46:18'),
(224, 53, 121, 'f', '0', '0', '2020-05-05 00:47:00', '2020-05-05 00:47:02'),
(225, 53, 141, 'f', '0', '0', '2020-05-05 00:47:51', '2020-05-05 00:47:52'),
(226, 53, 141, 'g gfffh', '0', '0', '2020-05-05 00:48:02', '2020-05-05 00:48:03'),
(227, 53, 121, 'g', '0', '0', '2020-05-05 00:48:24', '2020-05-05 00:48:25'),
(228, 53, 121, 'g', '0', '0', '2020-05-05 00:56:05', '2020-05-05 00:56:06'),
(229, 53, 121, 'hiii', '0', '0', '2020-05-05 00:56:30', '2020-05-05 00:56:31'),
(230, 53, 121, 'hhh', '0', '0', '2020-05-05 00:56:45', '2020-05-05 00:56:46'),
(231, 53, 121, 'hhhhfffff', '0', '0', '2020-05-05 00:59:00', '2020-05-05 00:59:01'),
(232, 53, 121, 'a', '0', '0', '2020-05-05 00:59:23', '2020-05-05 00:59:24'),
(233, 53, 121, 'ggg', '0', '0', '2020-05-05 01:00:08', '2020-05-05 01:00:08'),
(234, 53, 141, 'hi', '0', '0', '2020-05-05 05:37:00', '2020-05-05 05:37:01'),
(235, 46, 122, 'hje', '0', '0', '2020-05-05 06:18:08', '2020-05-05 06:18:09'),
(236, 54, 146, 'hi', '0', '0', '2020-05-05 06:36:48', '2020-05-05 06:36:49'),
(237, 54, 146, 'jejhe', '0', '0', '2020-05-05 06:37:05', '2020-05-05 06:37:06'),
(238, 54, 147, 'fhfhfhf', '0', '0', '2020-05-05 06:37:19', '2020-05-05 06:37:20'),
(239, 54, 147, 'fhfjdjd', '0', '0', '2020-05-05 06:39:37', '2020-05-05 06:39:38'),
(240, 54, 147, 'hagahahaha', '0', '0', '2020-05-05 06:40:07', '2020-05-05 06:40:08'),
(241, 54, 147, 'sgsgsgxbxbdbsbsjdjdjdhdd', '0', '0', '2020-05-05 06:40:21', '2020-05-05 06:40:21'),
(242, 54, 146, 'hgdf', '0', '0', '2020-05-05 06:41:08', '2020-05-05 06:41:09'),
(243, 54, 146, 'kcuduf', '0', '0', '2020-05-05 06:41:55', '2020-05-05 06:41:56'),
(244, 54, 146, 'fhd', '0', '0', '2020-05-05 07:01:23', '2020-05-05 07:01:24'),
(245, 54, 146, 'dudhehejej', '0', '0', '2020-05-05 07:01:40', '2020-05-05 07:01:40'),
(246, 54, 147, 'وانتى مش', '0', '0', '2020-05-05 07:02:00', '2020-05-05 07:02:01'),
(247, 54, 146, 'ufr6', '0', '0', '2020-05-05 07:02:28', '2020-05-05 07:02:30'),
(248, 54, 146, 'tfty', '0', '0', '2020-05-05 07:02:42', '2020-05-05 07:02:43'),
(249, 54, 146, 'jyyfhfyi', '0', '0', '2020-05-05 07:03:31', '2020-05-05 07:03:32'),
(250, 54, 147, 'لتبتبنبنبن', '0', '0', '2020-05-05 07:03:41', '2020-05-05 07:03:42'),
(251, 54, 146, 'fdhhj', '0', '0', '2020-05-05 07:04:05', '2020-05-05 07:04:06'),
(252, 54, 146, 'fdhdh', '0', '0', '2020-05-05 07:14:34', '2020-05-05 07:14:34'),
(253, 54, 146, 'rheff', '0', '0', '2020-05-05 07:16:22', '2020-05-05 07:16:23'),
(254, 54, 146, 'tt', '0', '0', '2020-05-05 07:18:02', '2020-05-05 07:18:04'),
(255, 54, 146, 'furur', '0', '0', '2020-05-05 07:19:05', '2020-05-05 07:19:06'),
(256, 55, 150, 'g', '0', '0', '2020-05-12 09:47:24', '2020-05-12 09:47:25'),
(257, 55, 150, 'gf', '0', '0', '2020-05-12 09:47:27', '2020-05-12 09:47:29'),
(258, 56, 154, 'FCC gff', '0', '0', '2020-05-31 21:18:05', '2020-05-31 21:18:06');

-- --------------------------------------------------------

--
-- بنية الجدول `salecodes`
--

CREATE TABLE `salecodes` (
  `id` int(10) NOT NULL,
  `code` varchar(50) NOT NULL,
  `salevalue` int(11) NOT NULL,
  `statu` float NOT NULL DEFAULT 1,
  `created_at` timestamp NOT NULL DEFAULT current_timestamp(),
  `updated_at` timestamp NOT NULL DEFAULT current_timestamp() ON UPDATE current_timestamp()
) ENGINE=InnoDB DEFAULT CHARSET=utf8;

--
-- إرجاع أو استيراد بيانات الجدول `salecodes`
--

INSERT INTO `salecodes` (`id`, `code`, `salevalue`, `statu`, `created_at`, `updated_at`) VALUES
(1, 'KCw6GMpZ8m', 20, 0, '2020-03-16 11:47:00', '2020-03-16 13:44:02'),
(3, 'XgLdLMN9RS', 20, 1, '2020-03-16 12:08:04', '2020-03-16 12:08:04'),
(4, 'hNAlmCaVIr', 20, 1, '2020-03-16 12:08:04', '2020-03-16 12:08:04'),
(5, 'hpYfRxIfOR', 20, 1, '2020-03-16 12:08:04', '2020-03-16 12:08:04'),
(6, 'PmaiJOFTPb', 20, 1, '2020-04-09 19:45:45', '2020-04-09 19:45:45'),
(7, '2ABK2dzQAM', 20, 1, '2020-04-09 19:45:45', '2020-04-09 19:45:45'),
(8, 'yRL0SNYsQI', 20, 1, '2020-04-09 19:45:45', '2020-04-09 19:45:45'),
(9, 'IwHnUPaeLT', 20, 1, '2020-04-09 19:45:45', '2020-04-09 19:45:45'),
(10, 'RrwRB2stCF', 20, 1, '2020-04-09 19:45:45', '2020-04-09 19:45:45'),
(11, 'aixLLd0dk4', 20, 1, '2020-04-09 19:45:45', '2020-04-09 19:45:45'),
(12, '3QfxqJpT19', 20, 1, '2020-04-09 19:45:45', '2020-04-09 19:45:45'),
(13, '1CTWOqOszn', 20, 1, '2020-04-09 19:45:45', '2020-04-09 19:45:45'),
(14, 'eGeDabuKzK', 20, 1, '2020-04-09 19:45:45', '2020-04-09 19:45:45'),
(15, 'ST8I8loUYC', 20, 1, '2020-04-09 19:45:45', '2020-04-09 19:45:45'),
(16, '5aJDSKsCdt', 20, 1, '2020-04-09 19:45:45', '2020-04-09 19:45:45'),
(17, 'h8cPh4Rkgv', 20, 1, '2020-04-09 19:45:45', '2020-04-09 19:45:45'),
(18, '2NzunIgPyy', 20, 1, '2020-04-09 19:45:45', '2020-04-09 19:45:45'),
(19, 'cSAc2SY9Y2', 20, 1, '2020-04-09 19:45:45', '2020-04-09 19:45:45'),
(20, 'BF4ukAd4x8', 20, 1, '2020-04-09 19:45:45', '2020-04-09 19:45:45'),
(21, '6jbjPw8j0A', 20, 1, '2020-04-09 19:45:45', '2020-04-09 19:45:45'),
(22, 'P9d5YNpCCS', 20, 1, '2020-04-09 19:45:45', '2020-04-09 19:45:45'),
(23, 'Gw7iZ3xaWN', 20, 1, '2020-04-09 19:45:45', '2020-04-09 19:45:45'),
(24, 'hSRRqyvPc2', 20, 1, '2020-04-09 19:45:45', '2020-04-09 19:45:45'),
(25, '18wY7T9D1t', 20, 1, '2020-04-09 19:45:45', '2020-04-09 19:45:45'),
(26, '1FpYUjqkrr', 20, 1, '2020-04-09 19:45:45', '2020-04-09 19:45:45'),
(27, '89RgBlRERq', 20, 1, '2020-04-09 19:45:45', '2020-04-09 19:45:45'),
(28, 'DvaSRvKKgM', 20, 1, '2020-04-09 19:45:45', '2020-04-09 19:45:45'),
(29, 'x236bjhIj3', 20, 1, '2020-04-09 19:45:45', '2020-04-09 19:45:45'),
(30, 'cS6LS9Opj9', 20, 1, '2020-04-09 19:45:45', '2020-04-09 19:45:45'),
(31, 'muFRZPlijd', 20, 1, '2020-04-09 19:45:45', '2020-04-09 19:45:45'),
(32, 'qIFtgfNKNO', 20, 1, '2020-04-09 19:45:45', '2020-04-09 19:45:45'),
(33, 'vx915MFFXP', 20, 1, '2020-04-09 19:45:45', '2020-04-09 19:45:45'),
(34, '2WRudYfK5C', 20, 1, '2020-04-09 19:45:45', '2020-04-09 19:45:45'),
(35, 'ukEcQVJR3L', 20, 1, '2020-04-09 19:45:45', '2020-04-09 19:45:45'),
(36, 'XrExkR0wx8', 20, 1, '2020-04-09 19:45:45', '2020-04-09 19:45:45'),
(37, 'h6IcaJRqZk', 20, 1, '2020-04-09 19:45:45', '2020-04-09 19:45:45'),
(38, '0V7byLX4qu', 20, 1, '2020-04-09 19:45:45', '2020-04-09 19:45:45'),
(39, 'dyrbCX4LOK', 20, 1, '2020-04-09 19:45:45', '2020-04-09 19:45:45'),
(40, 'WerUEN9nZL', 20, 1, '2020-04-09 19:45:45', '2020-04-09 19:45:45'),
(41, '1d9RzSvZSL', 20, 1, '2020-04-09 19:45:45', '2020-04-09 19:45:45'),
(42, '9yd5qfvmzf', 20, 1, '2020-04-09 19:45:45', '2020-04-09 19:45:45'),
(43, 'KKSVufBZRc', 20, 1, '2020-04-09 19:45:45', '2020-04-09 19:45:45'),
(44, 'W8HzzAaRlM', 20, 1, '2020-04-09 19:45:45', '2020-04-09 19:45:45'),
(45, 'TBh5YJxwpH', 20, 1, '2020-04-09 19:45:45', '2020-04-09 19:45:45'),
(46, '1cia5T2Oev', 20, 1, '2020-04-09 19:45:45', '2020-04-09 19:45:45'),
(47, 'nHqNlBZbKs', 20, 1, '2020-04-09 19:45:45', '2020-04-09 19:45:45'),
(48, '61WT6Sp1Kg', 20, 1, '2020-04-09 19:45:45', '2020-04-09 19:45:45'),
(49, 'nlBqfczzpY', 20, 1, '2020-04-09 19:45:45', '2020-04-09 19:45:45'),
(50, 'y7B7mWUBDR', 20, 1, '2020-04-09 19:45:45', '2020-04-09 19:45:45'),
(51, 'zZImRGElUH', 20, 1, '2020-04-09 19:45:45', '2020-04-09 19:45:45'),
(52, '7p4JfaJ9ID', 20, 1, '2020-04-09 19:45:45', '2020-04-09 19:45:45'),
(53, 'tzIGcSq4XO', 20, 1, '2020-04-09 19:45:45', '2020-04-09 19:45:45'),
(54, 'WMrq8UZVon', 20, 1, '2020-04-09 19:45:45', '2020-04-09 19:45:45'),
(55, 'VOWbL0KeuI', 20, 1, '2020-04-09 19:45:45', '2020-04-09 19:45:45'),
(56, 'JVXOQX3Wkk', 20, 1, '2020-04-09 19:45:45', '2020-04-09 19:45:45'),
(57, 'IN4HIjCwSk', 20, 1, '2020-04-09 19:45:45', '2020-04-09 19:45:45'),
(58, 'k9tfx2wxfj', 20, 1, '2020-04-09 19:45:45', '2020-04-09 19:45:45'),
(59, 'pnGhkULr17', 20, 1, '2020-04-09 19:45:45', '2020-04-09 19:45:45'),
(60, 'qT04X9tf7H', 20, 1, '2020-04-09 19:45:45', '2020-04-09 19:45:45'),
(61, '4AyMckTCWa', 20, 1, '2020-04-09 19:45:45', '2020-04-09 19:45:45'),
(62, 'TYqvvF9aJH', 20, 1, '2020-04-09 19:45:45', '2020-04-09 19:45:45'),
(63, '9OsC8gDsij', 20, 1, '2020-04-09 19:45:45', '2020-04-09 19:45:45'),
(64, 'nXn55KP5t1', 20, 1, '2020-04-09 19:45:45', '2020-04-09 19:45:45'),
(65, '7Q4boWKsV3', 20, 1, '2020-04-09 19:45:45', '2020-04-09 19:45:45'),
(66, 'F254aqF1N0', 20, 1, '2020-04-09 19:45:45', '2020-04-09 19:45:45'),
(67, 'h4JTppvbPs', 20, 1, '2020-04-09 19:45:45', '2020-04-09 19:45:45'),
(68, 'LdN8msyRGe', 20, 1, '2020-04-09 19:45:45', '2020-04-09 19:45:45'),
(69, 'LgJil23sxG', 20, 1, '2020-04-09 19:45:45', '2020-04-09 19:45:45'),
(70, 'Ael1uUVLqB', 20, 1, '2020-04-09 19:45:45', '2020-04-09 19:45:45'),
(71, 'mGLBt5Qa2O', 20, 1, '2020-04-09 19:45:45', '2020-04-09 19:45:45'),
(72, 'c0VB5p32AC', 20, 1, '2020-04-09 19:45:45', '2020-04-09 19:45:45'),
(73, 'KvdyEWu5v3', 20, 1, '2020-04-09 19:45:45', '2020-04-09 19:45:45'),
(74, 'D3aErYzlAV', 20, 1, '2020-04-09 19:45:45', '2020-04-09 19:45:45'),
(75, 'dagTeGl2Jq', 20, 1, '2020-04-09 19:45:45', '2020-04-09 19:45:45'),
(76, 'iRctKu9BLL', 20, 1, '2020-04-09 19:45:45', '2020-04-09 19:45:45'),
(77, 'GJkrBAb6hB', 20, 1, '2020-04-09 19:45:45', '2020-04-09 19:45:45'),
(78, 'xv4QA6KOmD', 20, 1, '2020-04-09 19:45:45', '2020-04-09 19:45:45'),
(79, 'YxnGwK7tYs', 20, 1, '2020-04-09 19:45:45', '2020-04-09 19:45:45'),
(80, 'Ydx4UExMzK', 20, 1, '2020-04-09 19:45:45', '2020-04-09 19:45:45'),
(81, '8Gb4xwdzxC', 20, 1, '2020-04-09 19:45:45', '2020-04-09 19:45:45'),
(82, 'iHkZ3fMt4I', 20, 1, '2020-04-09 19:45:45', '2020-04-09 19:45:45'),
(83, '4L1AKy4bhw', 20, 1, '2020-04-09 19:45:45', '2020-04-09 19:45:45'),
(84, 'hd0i60DTTr', 20, 1, '2020-04-09 19:45:45', '2020-04-09 19:45:45'),
(85, '5SWYtJfQfK', 20, 1, '2020-04-09 19:45:45', '2020-04-09 19:45:45'),
(86, 'LsMMJmy4h2', 20, 1, '2020-04-09 19:45:45', '2020-04-09 19:45:45'),
(87, 'nkYZ4f1sYJ', 20, 1, '2020-04-09 19:45:45', '2020-04-09 19:45:45'),
(88, 'jIO7br8FEo', 20, 1, '2020-04-09 19:45:45', '2020-04-09 19:45:45'),
(89, 'XErsuPz6wL', 20, 1, '2020-04-09 19:45:45', '2020-04-09 19:45:45'),
(90, 'eG13K1EsrY', 20, 1, '2020-04-09 19:45:45', '2020-04-09 19:45:45'),
(91, '6EbCE3tyJT', 20, 1, '2020-04-09 19:45:45', '2020-04-09 19:45:45'),
(92, 'rGPvgavr0m', 20, 1, '2020-04-09 19:45:45', '2020-04-09 19:45:45'),
(93, 'ofM2hRB3f0', 20, 1, '2020-04-09 19:45:45', '2020-04-09 19:45:45'),
(94, 'LZubjX4yj4', 20, 1, '2020-04-09 19:45:45', '2020-04-09 19:45:45'),
(95, 'MhCYKTGanh', 20, 1, '2020-04-09 19:45:45', '2020-04-09 19:45:45'),
(96, 'SaAba3o6i9', 20, 1, '2020-04-09 19:45:45', '2020-04-09 19:45:45'),
(97, '8O66vfSRbG', 20, 1, '2020-04-09 19:45:45', '2020-04-09 19:45:45'),
(98, 'LcHYltVZ2f', 20, 1, '2020-04-09 19:45:45', '2020-04-09 19:45:45'),
(99, 'iXtEAonG45', 20, 1, '2020-04-09 19:45:45', '2020-04-09 19:45:45'),
(100, 'Ne93qFxh5G', 20, 1, '2020-04-09 19:45:45', '2020-04-09 19:45:45'),
(101, 'FexEGyYt8x', 20, 1, '2020-04-09 19:45:45', '2020-04-09 19:45:45'),
(102, 'BJVqNUheGI', 20, 1, '2020-04-09 19:45:45', '2020-04-09 19:45:45'),
(103, '6sZ4RbGkq3', 20, 1, '2020-04-09 19:45:45', '2020-04-09 19:45:45'),
(104, '0jYrhWSSdQ', 20, 1, '2020-04-09 19:45:45', '2020-04-09 19:45:45'),
(105, 'agGHKR0Laa', 20, 1, '2020-04-09 19:45:45', '2020-04-09 19:45:45'),
(106, 'DI7PQRXDUd', 30, 1, '2020-04-09 20:27:52', '2020-04-09 20:27:52'),
(107, 'IsFo5FnfDq', 30, 1, '2020-04-09 20:27:52', '2020-04-09 20:27:52'),
(108, 'Of3J2Yv3aJ', 30, 1, '2020-04-09 20:27:52', '2020-04-09 20:27:52'),
(109, '02V6Cfiero', 30, 1, '2020-04-09 20:27:52', '2020-04-09 20:27:52'),
(110, 'mjDFYyrU1C', 30, 1, '2020-04-09 20:27:52', '2020-04-09 20:27:52'),
(111, 'o665UyBsl6', 30, 1, '2020-04-09 20:27:52', '2020-04-09 20:27:52'),
(112, '23E5EJ9tav', 30, 1, '2020-04-09 20:27:52', '2020-04-09 20:27:52'),
(113, '2GhfB07cCO', 30, 1, '2020-04-09 20:27:52', '2020-04-09 20:27:52'),
(114, 'x65n6MSu8C', 30, 1, '2020-04-09 20:27:52', '2020-04-09 20:27:52'),
(115, 'Yge66KoKn3', 30, 1, '2020-04-09 20:27:52', '2020-04-09 20:27:52'),
(116, 'FadPpnxpd6', 30, 1, '2020-04-09 20:27:52', '2020-04-09 20:27:52'),
(117, '0lSBkDLVvq', 30, 1, '2020-04-09 20:27:52', '2020-04-09 20:27:52'),
(118, 'oLI34PAR5J', 30, 1, '2020-04-09 20:27:52', '2020-04-09 20:27:52'),
(119, 'BFpoL6lwiy', 30, 1, '2020-04-09 20:27:52', '2020-04-09 20:27:52'),
(120, 'JvN7yJhCpF', 30, 1, '2020-04-09 20:27:52', '2020-04-09 20:27:52'),
(121, 'GqhUw8umaD', 30, 1, '2020-04-09 20:27:52', '2020-04-09 20:27:52'),
(122, 'n6s1THvoPI', 30, 1, '2020-04-09 20:27:52', '2020-04-09 20:27:52'),
(123, '0bXoLieDYL', 30, 1, '2020-04-09 20:27:52', '2020-04-09 20:27:52'),
(124, 'OY9LTJlxBx', 30, 1, '2020-04-09 20:27:52', '2020-04-09 20:27:52'),
(125, 'sS39FsfP3h', 30, 1, '2020-04-09 20:27:52', '2020-04-09 20:27:52'),
(126, '5H6JgtGV5u', 30, 1, '2020-04-09 20:27:52', '2020-04-09 20:27:52'),
(127, '9QqPbCixfL', 30, 1, '2020-04-09 20:27:52', '2020-04-09 20:27:52'),
(128, 'bhLAy9xydr', 30, 1, '2020-04-09 20:27:52', '2020-04-09 20:27:52'),
(129, 'EE6OJbd5Ve', 30, 1, '2020-04-09 20:27:52', '2020-04-09 20:27:52'),
(130, 'gysxJtYZc0', 30, 1, '2020-04-09 20:27:52', '2020-04-09 20:27:52'),
(131, 'rzWmIQv5a4', 30, 1, '2020-04-09 20:27:52', '2020-04-09 20:27:52'),
(132, 'osuaqd5YRm', 30, 1, '2020-04-09 20:27:52', '2020-04-09 20:27:52'),
(133, 'SUTBFh9tcq', 30, 1, '2020-04-09 20:27:52', '2020-04-09 20:27:52'),
(134, 'xbahoUpjhQ', 30, 1, '2020-04-09 20:27:52', '2020-04-09 20:27:52'),
(135, 'dinjSFf2Jz', 30, 1, '2020-04-09 20:27:52', '2020-04-09 20:27:52'),
(136, 'w26J6A1cFR', 30, 1, '2020-04-09 20:27:52', '2020-04-09 20:27:52'),
(137, 'vTQoUB6FnE', 30, 1, '2020-04-09 20:27:52', '2020-04-09 20:27:52'),
(138, 'd9iToRhFaW', 30, 1, '2020-04-09 20:27:52', '2020-04-09 20:27:52'),
(139, 'MI0rlKr9jy', 30, 1, '2020-04-09 20:27:52', '2020-04-09 20:27:52'),
(140, 'wR5WgX18uD', 30, 1, '2020-04-09 20:27:52', '2020-04-09 20:27:52'),
(141, 'Arc9swJHJw', 30, 1, '2020-04-09 20:27:52', '2020-04-09 20:27:52'),
(142, 'Mu7Ffui2HL', 30, 1, '2020-04-09 20:27:52', '2020-04-09 20:27:52'),
(143, 'ODIejOQAgI', 30, 1, '2020-04-09 20:27:52', '2020-04-09 20:27:52'),
(144, 'rFRk2dPvSE', 30, 1, '2020-04-09 20:27:52', '2020-04-09 20:27:52'),
(145, 'S6OccUO9eH', 30, 1, '2020-04-09 20:27:52', '2020-04-09 20:27:52'),
(146, 'l14fo5mr56', 30, 1, '2020-04-09 20:27:52', '2020-04-09 20:27:52'),
(147, 'RM2U8asKpg', 30, 1, '2020-04-09 20:27:52', '2020-04-09 20:27:52'),
(148, 'lroxSqiL3o', 30, 1, '2020-04-09 20:27:52', '2020-04-09 20:27:52'),
(149, '5B23DHP6EF', 30, 1, '2020-04-09 20:27:52', '2020-04-09 20:27:52'),
(150, 'ovRfzZkGyU', 30, 1, '2020-04-09 20:27:52', '2020-04-09 20:27:52'),
(151, 'IdioRo81Im', 30, 1, '2020-04-09 20:27:52', '2020-04-09 20:27:52'),
(152, '9herHSIAmY', 30, 1, '2020-04-09 20:27:52', '2020-04-09 20:27:52'),
(153, 'vSQ94paheF', 30, 1, '2020-04-09 20:27:52', '2020-04-09 20:27:52'),
(154, '7rKkYlhZVs', 30, 1, '2020-04-09 20:27:52', '2020-04-09 20:27:52'),
(155, 'Fu0PEgSw7I', 30, 1, '2020-04-09 20:27:52', '2020-04-09 20:27:52'),
(156, 'xrWSJdBhwX', 30, 1, '2020-04-09 20:27:52', '2020-04-09 20:27:52'),
(157, '5s2UaITloc', 30, 1, '2020-04-09 20:27:52', '2020-04-09 20:27:52'),
(158, 'O1UkiSKa82', 30, 1, '2020-04-09 20:27:52', '2020-04-09 20:27:52'),
(159, 'NeU8p1g0M7', 30, 1, '2020-04-09 20:27:52', '2020-04-09 20:27:52'),
(160, 'g8ULjYkUWJ', 30, 1, '2020-04-09 20:27:52', '2020-04-09 20:27:52'),
(161, '0l20bLRI13', 30, 1, '2020-04-09 20:27:52', '2020-04-09 20:27:52'),
(162, 'oV78cC6QGO', 30, 1, '2020-04-09 20:27:52', '2020-04-09 20:27:52'),
(163, 'GZBsI9g0wv', 30, 1, '2020-04-09 20:27:52', '2020-04-09 20:27:52'),
(164, '7cuVb4DkKz', 30, 1, '2020-04-09 20:27:52', '2020-04-09 20:27:52'),
(165, '1mJIxrGCbE', 30, 1, '2020-04-09 20:27:52', '2020-04-09 20:27:52'),
(166, 's02RcIiBFB', 30, 1, '2020-04-09 20:27:52', '2020-04-09 20:27:52'),
(167, 'qCmC0AIyFU', 30, 1, '2020-04-09 20:27:52', '2020-04-09 20:27:52'),
(168, 'FijHMgXDDi', 30, 1, '2020-04-09 20:27:52', '2020-04-09 20:27:52'),
(169, 'lGGMI6bckB', 30, 1, '2020-04-09 20:27:52', '2020-04-09 20:27:52'),
(170, 'nnuqrMWDBu', 30, 1, '2020-04-09 20:27:52', '2020-04-09 20:27:52'),
(171, 'dVRGClROHf', 30, 1, '2020-04-09 20:27:52', '2020-04-09 20:27:52'),
(172, '80JZQoglci', 30, 1, '2020-04-09 20:27:52', '2020-04-09 20:27:52'),
(173, 'Svmp9trbnr', 30, 1, '2020-04-09 20:27:52', '2020-04-09 20:27:52'),
(174, 'kaoZn8ACDY', 30, 1, '2020-04-09 20:27:52', '2020-04-09 20:27:52'),
(175, 'XEE0CONJYE', 30, 1, '2020-04-09 20:27:52', '2020-04-09 20:27:52'),
(176, 'XGWulK6XBC', 30, 1, '2020-04-09 20:27:52', '2020-04-09 20:27:52'),
(177, 'lm8ybPXTb7', 30, 1, '2020-04-09 20:27:52', '2020-04-09 20:27:52'),
(178, 'YFyZKvrVJW', 30, 1, '2020-04-09 20:27:52', '2020-04-09 20:27:52'),
(179, 'MtAinyG1pX', 30, 1, '2020-04-09 20:27:52', '2020-04-09 20:27:52'),
(180, 'NugacLjM4i', 30, 1, '2020-04-09 20:27:52', '2020-04-09 20:27:52'),
(181, 'tL1pAEeSPi', 30, 1, '2020-04-09 20:27:52', '2020-04-09 20:27:52'),
(182, 'WDom0Ry6xK', 30, 1, '2020-04-09 20:27:52', '2020-04-09 20:27:52'),
(183, 't7jz472s2e', 30, 1, '2020-04-09 20:27:52', '2020-04-09 20:27:52'),
(184, '1GkomphRuh', 30, 1, '2020-04-09 20:27:52', '2020-04-09 20:27:52'),
(185, 'XpkPuESaDR', 30, 1, '2020-04-09 20:27:52', '2020-04-09 20:27:52'),
(186, 'qZNOEMsjZi', 30, 1, '2020-04-09 20:27:52', '2020-04-09 20:27:52'),
(187, 'heKj3tmRAZ', 30, 1, '2020-04-09 20:27:52', '2020-04-09 20:27:52'),
(188, 'mEksTRXhqa', 30, 1, '2020-04-09 20:27:52', '2020-04-09 20:27:52'),
(189, '4KqdOegG9F', 30, 1, '2020-04-09 20:27:52', '2020-04-09 20:27:52'),
(190, 'KUQzgdWJn4', 30, 1, '2020-04-09 20:27:52', '2020-04-09 20:27:52'),
(191, 'zuoWachQbk', 30, 1, '2020-04-09 20:27:52', '2020-04-09 20:27:52'),
(192, 'YSKxO373bF', 30, 1, '2020-04-09 20:27:52', '2020-04-09 20:27:52'),
(193, '4ma0PkpDG0', 30, 1, '2020-04-09 20:27:52', '2020-04-09 20:27:52'),
(194, 'SSFobzPmbn', 30, 1, '2020-04-09 20:27:52', '2020-04-09 20:27:52'),
(195, 'Ks6v2jxtjy', 30, 1, '2020-04-09 20:27:52', '2020-04-09 20:27:52'),
(196, 'kVAAEWjyjx', 30, 1, '2020-04-09 20:27:52', '2020-04-09 20:27:52'),
(197, 'vJ5BbOhHSw', 30, 1, '2020-04-09 20:27:52', '2020-04-09 20:27:52'),
(198, '7UbK0rUrPd', 30, 1, '2020-04-09 20:27:52', '2020-04-09 20:27:52'),
(199, 'M1K7zdmFgy', 30, 1, '2020-04-09 20:27:52', '2020-04-09 20:27:52'),
(200, 'UO1VXbXZ1a', 30, 1, '2020-04-09 20:27:52', '2020-04-09 20:27:52'),
(201, 'RMQpILkxlo', 30, 1, '2020-04-09 20:27:52', '2020-04-09 20:27:52'),
(202, 'zZs7UP3pKC', 30, 1, '2020-04-09 20:27:52', '2020-04-09 20:27:52'),
(203, '0NA42LcJAR', 30, 1, '2020-04-09 20:27:52', '2020-04-09 20:27:52'),
(204, 'IsToVsOZXq', 30, 1, '2020-04-09 20:27:52', '2020-04-09 20:27:52'),
(205, 'twgsTz2Q0m', 30, 1, '2020-04-09 20:27:52', '2020-04-09 20:27:52'),
(206, 'ke7nUTih11', 50, 1, '2020-04-09 20:28:31', '2020-04-09 20:28:31'),
(207, '22wuWiKcRO', 50, 1, '2020-04-09 20:28:31', '2020-04-09 20:28:31'),
(208, '7ecP2VvdAO', 50, 1, '2020-04-09 20:28:31', '2020-04-09 20:28:31'),
(209, 'MRFmh2gpFn', 50, 1, '2020-04-09 20:28:31', '2020-04-09 20:28:31'),
(210, 'NIAGAjPviS', 50, 1, '2020-04-09 20:28:31', '2020-04-09 20:28:31'),
(211, 'zYJolF4ynI', 50, 1, '2020-04-09 20:28:31', '2020-04-09 20:28:31'),
(212, 'mXPwoSxN5h', 50, 1, '2020-04-09 20:28:31', '2020-04-09 20:28:31'),
(213, 'ip7tmVgUOl', 50, 1, '2020-04-09 20:28:31', '2020-04-09 20:28:31'),
(214, 'vsXoGcMWcR', 50, 1, '2020-04-09 20:28:31', '2020-04-09 20:28:31'),
(215, '3T9b4w5DBi', 50, 1, '2020-04-09 20:28:31', '2020-04-09 20:28:31'),
(216, 'mE7ZMlnj0z', 50, 1, '2020-05-04 22:19:29', '2020-05-04 22:19:29'),
(217, 'FL5YzPIQXr', 50, 1, '2020-05-04 22:19:29', '2020-05-04 22:19:29'),
(218, 'kfuVLKO8E8', 50, 1, '2020-05-04 22:19:29', '2020-05-04 22:19:29'),
(219, 'LxGRLOUbeB', 50, 1, '2020-05-04 22:19:29', '2020-05-04 22:19:29'),
(220, 'mR4bRdrNVN', 50, 1, '2020-05-04 22:19:29', '2020-05-04 22:19:29'),
(221, 'yT1BRo2gQW', 50, 1, '2020-05-04 22:19:29', '2020-05-04 22:19:29'),
(222, '4GnJG7tQBX', 50, 1, '2020-05-04 22:19:29', '2020-05-04 22:19:29'),
(223, 'JUueCnmIHw', 50, 1, '2020-05-04 22:19:29', '2020-05-04 22:19:29'),
(224, 'SaBlf8WZt0', 50, 1, '2020-05-04 22:19:29', '2020-05-04 22:19:29'),
(225, 'FLDv5iA7pm', 50, 1, '2020-05-04 22:19:29', '2020-05-04 22:19:29');

-- --------------------------------------------------------

--
-- بنية الجدول `settings`
--

CREATE TABLE `settings` (
  `id` int(10) UNSIGNED NOT NULL,
  `setting` varchar(255) COLLATE utf8mb4_unicode_ci NOT NULL,
  `key` varchar(255) COLLATE utf8mb4_unicode_ci NOT NULL,
  `value_en` text COLLATE utf8mb4_unicode_ci NOT NULL,
  `value_ar` text COLLATE utf8mb4_unicode_ci NOT NULL,
  `created_at` timestamp NULL DEFAULT NULL,
  `updated_at` timestamp NULL DEFAULT NULL
) ENGINE=InnoDB DEFAULT CHARSET=utf8mb4 COLLATE=utf8mb4_unicode_ci;

--
-- إرجاع أو استيراد بيانات الجدول `settings`
--

INSERT INTO `settings` (`id`, `setting`, `key`, `value_en`, `value_ar`, `created_at`, `updated_at`) VALUES
(1, 'setting', 'terms_and_conditions', 'These Website Standard Terms and Conditions written on this webpage shall manage your use of our website, Webiste Name accessible at Website.com.\r\n\r\nThese Terms will be applied fully and affect to your use of this Website. By using this Website, you agreed to accept all terms and conditions written in here. You must not use this Website if you disagree with any of these Website Standard Terms and Conditions.\r\n\r\nMinors or people below 18 years old are not allowed to use this Website.', 'سيتم تطبيق هذه الشروط بالكامل وتؤثر على استخدامك لهذا الموقع. باستخدام هذا الموقع ، فإنك توافق على قبول جميع الشروط والأحكام المكتوبة هنا. يجب ألا تستخدم هذا الموقع إذا كنت لا توافق على أي من شروط وأحكام موقع الويب القياسية هذه.\r\n\r\nلا يُسمح للقُصّر أو الأشخاص دون سن 18 عامًا باستخدام هذا الموقع.', NULL, NULL),
(2, 'setting', 'about_us', 'For a remarkable about page, all you need to do is figure out your company\'s unique identity, and then share it with the world. Easy, right? Of course not. Your \"About Us\" page is one of the most important pages on your website, and it needs to be well crafted. This profile also happens to be one of the most commonly overlooked pages, which is why you should make it stand out.\r\n\r\nThe good news? It can be done. In fact, there are some companies out there with remarkable \"About Us\" pages, the elements of which you can emulate on your own website.\r\n\r\nBy the end of this post, you\'ll know what makes some of today\'s best \"About Us\" and \"About Me\" pages so great, and how to make your own about page that shares your company\'s greatness.', 'للحصول على صفحة رائعة ، كل ما عليك فعله هو اكتشاف هوية شركتك الفريدة ، ثم مشاركتها مع العالم. حق سهل؟ بالطبع لا. تعد صفحة \"من نحن\" واحدة من أهم الصفحات على موقع الويب الخاص بك ، وهي بحاجة إلى صياغة جيدة. يحدث أيضًا أن يكون ملف التعريف هذا واحدًا من أكثر الصفحات التي يتم تجاهلها بشكل شائع ، ولهذا السبب يجب أن تبرز.\r\n\r\nالاخبار الجيدة؟ يمكن إنجازه. في الواقع ، هناك بعض الشركات التي تحتوي على صفحات \"من نحن\" الرائعة ، والتي يمكنك محاكاة عناصرها على موقع الويب الخاص بك.\r\n\r\nبحلول نهاية هذا المنشور ، ستعرف ما الذي يجعل بعضًا من أفضل صفحات اليوم \"من نحن\" و \"من أنا\" رائعة للغاية ، وكيفية جعل صفحتك الخاصة عن الصفحة التي تشارك عظمة شركتك.', NULL, NULL),
(3, 'contacts', 'facebook', 'https://www.facebook.com/profile.php?id=100044112199818', 'https://www.facebook.com/profile.php?id=100044112199818', NULL, NULL),
(4, 'contacts', 'instgram', 'https://www.instagram.com/xx_3/?igshid=kizxoymjh6vv', 'https://www.instagram.com/xx_3/?igshid=kizxoymjh6vv', NULL, NULL),
(5, 'contacts', 'email', 'mailto:fnn9099@gmail.com', 'mailto:fnn9099@gmail.com', NULL, '2020-05-05 05:40:13'),
(6, 'contacts', 'snapchat', 'https://www.snapchat.com/add/h8-p', 'https://www.snapchat.com/add/h8-p', NULL, NULL),
(7, 'contacts', 'youtube', 'https://www.youtube.com/channel/UCEg1mUwkuQ8_RE2NbglvNOg', 'https://www.youtube.com/channel/UCEg1mUwkuQ8_RE2NbglvNOg', NULL, NULL),
(8, 'contacts', 'whatsapp', 'https://api.whatsapp.com/send?phone=x966551762680', 'https://api.whatsapp.com/send?phone=x966551762680', NULL, NULL);

-- --------------------------------------------------------

--
-- بنية الجدول `users`
--

CREATE TABLE `users` (
  `id` bigint(20) UNSIGNED NOT NULL,
  `type` tinyint(3) UNSIGNED NOT NULL COMMENT '0 => user, 1=> vendor without plan, 2 => vendor with plan',
  `username` varchar(255) COLLATE utf8mb4_unicode_ci NOT NULL,
  `phone` varchar(255) COLLATE utf8mb4_unicode_ci NOT NULL,
  `password` varchar(255) COLLATE utf8mb4_unicode_ci NOT NULL,
  `lng` varchar(255) COLLATE utf8mb4_unicode_ci DEFAULT NULL,
  `lat` varchar(255) COLLATE utf8mb4_unicode_ci DEFAULT NULL,
  `address` varchar(191) COLLATE utf8mb4_unicode_ci DEFAULT NULL,
  `image` varchar(255) COLLATE utf8mb4_unicode_ci DEFAULT NULL,
  `reset_password_code` varchar(255) COLLATE utf8mb4_unicode_ci DEFAULT NULL,
  `code_expiration` varchar(255) COLLATE utf8mb4_unicode_ci DEFAULT NULL,
  `city_id` varchar(255) COLLATE utf8mb4_unicode_ci DEFAULT NULL,
  `category_id` varchar(255) COLLATE utf8mb4_unicode_ci DEFAULT NULL,
  `fcm_token` varchar(255) COLLATE utf8mb4_unicode_ci DEFAULT NULL,
  `status` enum('0','1') COLLATE utf8mb4_unicode_ci NOT NULL DEFAULT '1',
  `is_ad` enum('0','1') COLLATE utf8mb4_unicode_ci NOT NULL DEFAULT '0',
  `verified` varchar(255) COLLATE utf8mb4_unicode_ci NOT NULL,
  `remember_token` varchar(100) COLLATE utf8mb4_unicode_ci DEFAULT NULL,
  `created_at` timestamp NULL DEFAULT NULL,
  `updated_at` timestamp NULL DEFAULT NULL
) ENGINE=InnoDB DEFAULT CHARSET=utf8mb4 COLLATE=utf8mb4_unicode_ci;

--
-- إرجاع أو استيراد بيانات الجدول `users`
--

INSERT INTO `users` (`id`, `type`, `username`, `phone`, `password`, `lng`, `lat`, `address`, `image`, `reset_password_code`, `code_expiration`, `city_id`, `category_id`, `fcm_token`, `status`, `is_ad`, `verified`, `remember_token`, `created_at`, `updated_at`) VALUES
(111, 0, 'dhfhdg', '010', '$2y$10$Gq61FuZDKGoS8e7eoUz8EuVsvY559lR9kmmL4NdMLdohF9GCFTeBi', NULL, NULL, NULL, NULL, NULL, NULL, NULL, NULL, NULL, '1', '0', 'DpOr4ZR3p7', NULL, '2020-04-13 10:02:17', '2020-04-13 10:02:17'),
(112, 0, 'dhh', '0100', '$2y$10$pM1S2OKzwaEaTHor7j6JYu8Fxot16L1l//.vUvmOXG2XDGmWRSXIS', NULL, NULL, NULL, NULL, NULL, NULL, NULL, NULL, NULL, '1', '0', 'Nogo5TgGED', NULL, '2020-04-13 10:05:03', '2020-04-13 10:05:03'),
(113, 0, 'dhdd', '011', '$2y$10$ClboxTVHkHjHc.XmwIq8F.mf/ISXIkv5s7zH.iQIfYH85.9LM/6v.', NULL, NULL, NULL, NULL, NULL, NULL, NULL, NULL, 'e8SyPgPbWF4:APA91bFqcUmpRy6E2E1ng6sirrreULyT7i9AQ8BMD6cv7Vic1-t6bpoSTwHfmZqyF3fXRx946ebNYUglz--gd9D9zEk8UTrqrvQ3k9Zwm3AClkOahpAwsj3c27Dl7dhKPSvZ4hvsUw9s', '1', '0', '1', NULL, '2020-04-13 10:26:58', '2020-04-13 10:27:12'),
(114, 0, 'moo', '0101', '$2y$10$jBiMmyWn2Dtzk2c2EgMcpuoLF.dGeZ/kpKUWaMFCnw78h4GV43UsO', NULL, NULL, NULL, NULL, NULL, NULL, NULL, NULL, NULL, '1', '0', '86679', NULL, '2020-04-13 10:41:12', '2020-04-13 10:41:12'),
(115, 0, 'moo', '01011', '$2y$10$h73b5W5PqvA4iH4LaV7k7.Qcf4825iHtnMuY9Lnwn0Xt6HCG5Flb6', NULL, NULL, NULL, NULL, NULL, NULL, NULL, NULL, NULL, '1', '0', '1', NULL, '2020-04-13 10:43:19', '2020-04-13 10:43:38'),
(119, 2, 'mphamed vendor', '01099026601', '$2y$10$uwIgc3w4aoMUtXQeNgkAAuKim1LuZJkFBqyKEsxK4xN5nnTbhJaZG', '31.2732270732522', '29.943530153016567', 'قسم طرة، محافظة القاهرة‬، مصر', '18725ec2c84d31c551f9acca33bda94e.jpeg', NULL, NULL, '2', '1', 'elVM9I0FpRk:APA91bG-zPmYxAlwD-fewXD0qRNta3uR53dFtVr0Z3tumYrrsxBbhZnJoWQ1Wni1tmniBYK5vAhiUuSszn0NRhCYo5tej9dWUhywefZIOoTNAR8VMHeePw0bliaSeQMtwVEb3xNXNJpy', '1', '1', '1', NULL, '2020-04-13 12:44:16', '2020-04-13 13:19:34'),
(121, 1, 'mohamed mokdem', '01099026603', '$2y$10$4fcxvqU5c5wwmEMTgOg8meSU9zI2hR3ycvKosnhX58v0hzNAzcPHy', '31.273059770464897', '29.94352637622109', 'قسم طرة، محافظة القاهرة‬، مصر', '5956854459d3752788d34e3a14219c40.jpg', NULL, NULL, NULL, '1', 'dqpGVeyr2nc:APA91bHbgTQ4BBWy-uLHnyfVZWJYGlKmG6x_qPTeKdt_1SRQBTtREWCqu0zI4VFDcPatmajk6UzH842EVzvtvUq-haakW7fn_w_4dx_5WtIBbHHqNyTVaI5PJ2giP6NbWCXa4NXtfW9S', '1', '1', '1', NULL, '2020-04-13 13:14:53', '2020-05-05 05:41:41'),
(122, 1, 'Mohamed Vendor', '01013930990', '$2y$10$7VR8tKpyxwoPy8CGAWAZM.t6eVBDVBIlrm11HrBfk4iU0hCOO1J.e', '31.109204292297363', '30.042525813885746', 'كرداسة، إمبابة، الجيزة، مصر', '5a64687be553829f08a2277b78e733ed.jpeg', NULL, NULL, NULL, '1', 'e8SyPgPbWF4:APA91bFqcUmpRy6E2E1ng6sirrreULyT7i9AQ8BMD6cv7Vic1-t6bpoSTwHfmZqyF3fXRx946ebNYUglz--gd9D9zEk8UTrqrvQ3k9Zwm3AClkOahpAwsj3c27Dl7dhKPSvZ4hvsUw9s', '1', '1', '1', NULL, '2020-04-14 08:10:37', '2020-05-04 22:21:13'),
(123, 0, 'Mohamed User', '01013930999', '$2y$10$tez1rhAwcuZz0D3/li3YrerYTkE5pTgdq0/doJJ6VtXPhNU0NYzui', NULL, NULL, NULL, NULL, NULL, NULL, NULL, NULL, 'e8SyPgPbWF4:APA91bFqcUmpRy6E2E1ng6sirrreULyT7i9AQ8BMD6cv7Vic1-t6bpoSTwHfmZqyF3fXRx946ebNYUglz--gd9D9zEk8UTrqrvQ3k9Zwm3AClkOahpAwsj3c27Dl7dhKPSvZ4hvsUw9s', '1', '0', '1', NULL, '2020-04-14 08:24:22', '2020-04-14 08:24:34'),
(124, 0, 'hussin', '0564999925', '$2y$10$APhFiqUaXcjsTl4raOW5l.4KybqU3Rtq8DbMS3rV8yw7EGICQ9ydG', NULL, NULL, NULL, '5f1a361e628ea4afa27457381201cc10.jpg', NULL, NULL, NULL, NULL, 'e0B45LQ1j2o:APA91bGq8RththOcH_FBbq6mYYPsj128WDt45A_hmveutOJuYubSGJbnNuM_rOfrfAVBKZbP4YmlnUDdzj6ftByeUq1C-okV_nwcgecnmKFcAlwRmp3kOzULhLkd0v-1sq1rObEpfewf', '1', '0', '1', NULL, '2020-04-17 12:25:31', '2020-04-17 12:27:45'),
(125, 2, 'hus123', '0550557595', '$2y$10$KWG7UL0yYwOudOfOJ2yh0uW5UNrKZm.Ru4C1ZjqpKYNnD6Crx6dUC', '-122.677433', '45.521563', 'Wells Fargo Building, 309 SW 6th Ave, Portland, OR 97204، الولايات المتحدة', NULL, NULL, NULL, '2', '1', 'e0B45LQ1j2o:APA91bGq8RththOcH_FBbq6mYYPsj128WDt45A_hmveutOJuYubSGJbnNuM_rOfrfAVBKZbP4YmlnUDdzj6ftByeUq1C-okV_nwcgecnmKFcAlwRmp3kOzULhLkd0v-1sq1rObEpfewf', '1', '0', '1', NULL, '2020-04-17 12:31:13', '2020-04-17 12:32:06'),
(126, 0, 'injk', '0508181843', '$2y$10$br2HHMdLF9okbSfeTaVGkuQgJEUs8r4CQmHH2lXmJQynq7MCT0pMq', NULL, NULL, NULL, NULL, '24453', '2020-04-19 07:55:22', NULL, NULL, NULL, '1', '0', '66272', NULL, '2020-04-18 18:44:26', '2020-04-19 05:50:22'),
(127, 0, 'vni', '0551762680', '$2y$10$P8RJQvLboOIL0y.5sA9gduOgKMj7kGsBkMIvTKZorcS.0pptQzVNW', NULL, NULL, NULL, NULL, NULL, NULL, NULL, NULL, 'fYU3zYoqpNY:APA91bFPZHygtWTvltkFC2AXCF--yTjgNGzJvRtz9rYMf9cqbwvbloLtHf-2cKBF0FaXkbraXQ37j37Pv90EDTkXYNIyhvhaMv2qbMIbgsENmD47CqnYEguVEw1lkgBRXca8WXzkJzRD', '1', '0', '1', NULL, '2020-04-18 18:50:28', '2020-04-18 18:50:48'),
(128, 1, 'mohaamd', '0555740107', '$2y$10$cGuuW41fg1.92BsFVfVeI.4mGyO2XzgV5MDsHqhthkH4miehQx8qu', '47.10564136505127', '17.499068149283847', 'الفهد، شرورة 68372، السعودية', NULL, NULL, NULL, '2', '1', 'cHQLiaN6LGs:APA91bGkXzpPX1ujeMTOlPsqk2T3qUylgnmc7ZBddMIO6xTYgVztYx1Eo--DiKkHTC1i5rm7QkdAWK70Et9Mgv13FKP0MnlU6vhNWqGxGCJh1SM790ONgj4zRgYtrDTQ9Km-57ePT0yY', '1', '0', '1', NULL, '2020-04-18 18:53:44', '2020-04-26 21:24:16'),
(129, 0, 'ilii', '67866887547866', '$2y$10$Pq3KRgKmJ/7FR2xyUtn7z.qNdzSN/eErwNVFqeKQ1wulVKhHacJ2e', NULL, NULL, NULL, 'e6b9ed66326513e1d58ae12e4c1d4a0a.jpg', NULL, NULL, NULL, NULL, 'fyLfgWEh5eM:APA91bExucsN45cAbEUW5gcEUb-jQHYblg0QO1K2IbArZlJdBgI1LL4NrYuA8MKkwUN2o6UqMmSaubWzCvzxppkHm9fmzPDVGiMltQVITE12NcEmOQ8R1oPnUGNMMNl9aLx6JjFeu1IJ', '1', '0', '1', NULL, '2020-04-19 02:37:12', '2020-04-19 02:39:19'),
(130, 1, 'يارب', '36556632652365236', '$2y$10$RvK9gv2jFutlDu8FTaG.vuEfvX.Sr4hlCBV6AgiCkHId3PfFgLtMS', '47.10541673004627', '17.49867996002888', 'الفهد، شرورة 68372، السعودية', NULL, NULL, NULL, '2', '1', NULL, '1', '0', '61888', NULL, '2020-04-19 02:43:19', '2020-04-19 02:43:19'),
(131, 0, 'developer_nabil', '0504668124', '$2y$10$YoywMMDPJEJXaFvDXrdCduGdVR21k5dYortREuQlF1vaOZD8sg2ky', NULL, NULL, NULL, NULL, NULL, NULL, NULL, NULL, NULL, '1', '0', '1', NULL, '2020-04-19 05:47:35', '2020-04-19 05:47:49'),
(133, 2, 'dev_nabil', '0123456789', '$2y$10$fRZ8MUzDOND7j3rrPJwTae8Y3HGAXjTTHYsLUGdaPAbh0EuQL7v/S', '44.07595317810774', '18.917427350437585', 'تثليث السعودية', '89ce38712e972593842705abf6981599.jpg', NULL, NULL, '2', '1', 'fw1HkO_M4fs:APA91bGaRbgfhXogNY6lotxasqHOUeYpO3KpqKTYXfG0CeGDiuHKF7uIFNWWk5z-HXdSbzpK9MzWIOWJcfF956X1Z_l5Bi1rBEd-SUd7w4oKL_HKGbX4Q0y0tZSRCA0UOvL3rVlMwGlD', '1', '0', '1', NULL, '2020-04-19 06:09:05', '2020-04-19 08:04:10'),
(134, 1, 'ggfggg', '158856885', '$2y$10$6oSr7X/rSe7zvC76ODObiuw0m.m3jo9OYJ488YECeOnObVYNA1bLi', '44.05141431838274', '18.900291219673672', 'منطقة عسير السعودية', NULL, NULL, NULL, '2', '1', 'fw1HkO_M4fs:APA91bGaRbgfhXogNY6lotxasqHOUeYpO3KpqKTYXfG0CeGDiuHKF7uIFNWWk5z-HXdSbzpK9MzWIOWJcfF956X1Z_l5Bi1rBEd-SUd7w4oKL_HKGbX4Q0y0tZSRCA0UOvL3rVlMwGlD', '1', '0', '1', NULL, '2020-04-19 06:33:42', '2020-04-19 06:34:34'),
(135, 0, 'illil', '551762680', '$2y$10$2HM0ChbEnCnMiYZaohElN.Ht4twmE3pbanJrV1NkWZ/OAwvz67MJC', NULL, NULL, NULL, NULL, NULL, NULL, NULL, NULL, 'fYU3zYoqpNY:APA91bFPZHygtWTvltkFC2AXCF--yTjgNGzJvRtz9rYMf9cqbwvbloLtHf-2cKBF0FaXkbraXQ37j37Pv90EDTkXYNIyhvhaMv2qbMIbgsENmD47CqnYEguVEw1lkgBRXca8WXzkJzRD', '1', '0', '1', NULL, '2020-04-19 10:27:12', '2020-04-19 10:27:24'),
(136, 2, 'iflo', '0548191841', '$2y$10$74ISE4GJbLcx.o4FI5ZuwukFOIi3eLNVPt/4gr90pDRrQG6CVm.Je', '47.105602473020554', '17.498894199670815', 'الفهد، شرورة 68372، السعودية', NULL, NULL, NULL, '2', '1', 'fYU3zYoqpNY:APA91bFPZHygtWTvltkFC2AXCF--yTjgNGzJvRtz9rYMf9cqbwvbloLtHf-2cKBF0FaXkbraXQ37j37Pv90EDTkXYNIyhvhaMv2qbMIbgsENmD47CqnYEguVEw1lkgBRXca8WXzkJzRD', '1', '0', '1', NULL, '2020-04-19 10:33:32', '2020-04-19 10:52:59'),
(137, 0, 'ioio', '0505740107', '$2y$10$c3bDF4QU5Aci5i8UjZSCX.Zt/VTphazUS/BdYJUPzPdSXQj4yNPGi', NULL, NULL, NULL, NULL, NULL, NULL, NULL, NULL, 'fyLfgWEh5eM:APA91bExucsN45cAbEUW5gcEUb-jQHYblg0QO1K2IbArZlJdBgI1LL4NrYuA8MKkwUN2o6UqMmSaubWzCvzxppkHm9fmzPDVGiMltQVITE12NcEmOQ8R1oPnUGNMMNl9aLx6JjFeu1IJ', '1', '0', '1', NULL, '2020-04-19 11:25:32', '2020-04-19 11:26:31'),
(138, 0, 'عبدالعزيز', '055554359', '$2y$10$Oa3Yj//RP9SEsOTMr183GeZcfBseHIRLXh95Pv6N6T26vgUESkyr2', NULL, NULL, NULL, NULL, NULL, NULL, NULL, NULL, NULL, '1', '0', '1', NULL, '2020-04-26 21:28:18', '2020-04-26 21:28:30'),
(139, 1, 'iiii', '0508181847', '$2y$10$SwyCocwz5wBM7N4sUxoame2.5f.7XbSvTwIrTNO0xwRsZvsGbkS4O', '42.84596689045429', '18.33001994531537', 'وسط تندحة، تندحة السعودية', NULL, NULL, NULL, '2', '1', 'cHQLiaN6LGs:APA91bHGe2mx5MRI1KjzkBR6q9qytQx9Faxyk7oSR7AFHaLitTZBfEb3mC-7UTzg1FTaTDc7_LMkUT-zLISuaArDTCLRM9ATH9qWV6I8IUKZr3FS_i8NQoR4Ai4yAC26zIv3JtQUwaR9', '1', '0', '1', NULL, '2020-04-26 21:35:03', '2020-05-04 22:17:20'),
(140, 0, 'samaasamo', '01013930888', '$2y$10$awRhGpywUyquOGlkZTFZJeN9IFLUJZN69OH/k7IYjonf//eeB3FYy', NULL, NULL, NULL, NULL, NULL, NULL, NULL, NULL, NULL, '1', '0', '1', NULL, '2020-05-04 23:39:05', '2020-05-04 23:39:05'),
(141, 0, 'Mohamed', '0501111111', '$2y$10$Q4pXMhhIN.NtExsMdWMiYOdB7cHm//ESn3JpBPHTk4KqEpxjJHvp6', NULL, NULL, NULL, NULL, NULL, NULL, NULL, NULL, 'czuobpu50aM:APA91bEeqnIczwb1EWttywj6EgHJDa5TK3ZIWipbJheG5raFFBX3tp7Jl84_PgAWVvIBWn7ukeIUc8DPzoxhF83Naswhv5h-p96u2FJC_7szDiLIvFk0kU_EpRX2FD_GE3l11f6xKuFl', '1', '0', '1', NULL, '2020-05-05 00:25:32', '2020-05-05 00:25:50'),
(142, 1, 'Mohamed', '01013930991', '$2y$10$xY6LBU95jvEH4MKG.VZDkOBj9V6q53MgHyE7YEeqPBPwV6KlVRFJa', '23.23', '34.34', 'قسم طرة، محافظة القاهرة‬، مصر', NULL, NULL, NULL, NULL, '1', 'czuobpu50aM:APA91bEeqnIczwb1EWttywj6EgHJDa5TK3ZIWipbJheG5raFFBX3tp7Jl84_PgAWVvIBWn7ukeIUc8DPzoxhF83Naswhv5h-p96u2FJC_7szDiLIvFk0kU_EpRX2FD_GE3l11f6xKuFl', '1', '0', '1', NULL, '2020-05-05 05:51:38', '2020-05-05 06:31:51'),
(143, 1, 'fadel', '01099026604', '$2y$10$EbH534L41TSQvSFSNOuwyeq6DV9TVW6I4q4BDHbb7ro9iZfTpAFLm', '31.27106923609972', '29.945889460072703', 'طرة الحيط (البلد سابقاً) كÙ، قسم طرة، محافظة القاهرة‬، مصر', NULL, NULL, NULL, NULL, '1', 'eki3XqdY2fY:APA91bHh39aoL50GWifydznYjj_LOE9jSWhzO4wJl6N6TcmpW_XGhpHwOsp4scOiWOP7wPOzbbAdh5ptShXF3tAfmra_rYy_TaDKUkHXYLY2tDa4JBxxB8C1PJegBE09rUwt8NKgIf2Q', '1', '0', '1', NULL, '2020-05-05 06:23:09', '2020-05-05 06:29:31'),
(144, 1, 'do dhfh', '5655', '$2y$10$LKsdQ9WB5NZU0ztOCZIHb.QV6sgYUu/0xiPI/8nsqTvOrY.KG/nVG', '31.273076198995113', '29.943482507278496', 'قسم طرة، محافظة القاهرة‬، مصر', NULL, NULL, NULL, NULL, '1', NULL, '1', '0', '1', NULL, '2020-05-05 06:26:56', '2020-05-05 06:27:21'),
(145, 1, 'dhdhdh', '0144646', '$2y$10$n9YIqZK/JA7kyF5RpqLrDeeWF8vqFwLG7UGFqf02t3AB7w/l.mkni', '31.27307318150997', '29.94352782883476', 'قسم طرة، محافظة القاهرة‬، مصر', NULL, NULL, NULL, NULL, '1', NULL, '1', '0', '1', NULL, '2020-05-05 06:29:39', '2020-05-05 06:30:14'),
(146, 0, '010', '01099026602', '$2y$10$hTii3B1h2/RLZF2xPC.jTOt.4wWqX7RKmhtDMqCmgbAh8R11rPAxK', NULL, NULL, NULL, NULL, NULL, NULL, NULL, NULL, 'eki3XqdY2fY:APA91bHh39aoL50GWifydznYjj_LOE9jSWhzO4wJl6N6TcmpW_XGhpHwOsp4scOiWOP7wPOzbbAdh5ptShXF3tAfmra_rYy_TaDKUkHXYLY2tDa4JBxxB8C1PJegBE09rUwt8NKgIf2Q', '1', '0', '1', NULL, '2020-05-05 06:30:16', '2020-05-05 06:39:55'),
(147, 1, 'Mohamed Adel Saad', '01013930998', '$2y$10$ACDKwYGe35ILx4tRPJAus.2VGxAs5bxXV.5.34e8MtEcsC5sJ6vqG', '31.273271329700947', '29.944316304399855', 'قسم طرة، محافظة القاهرة‬، مصر', NULL, NULL, NULL, '2', '1', 'czuobpu50aM:APA91bEeqnIczwb1EWttywj6EgHJDa5TK3ZIWipbJheG5raFFBX3tp7Jl84_PgAWVvIBWn7ukeIUc8DPzoxhF83Naswhv5h-p96u2FJC_7szDiLIvFk0kU_EpRX2FD_GE3l11f6xKuFl', '1', '0', '1', NULL, '2020-05-05 06:36:07', '2020-05-05 06:48:14'),
(148, 0, 'iiopo', '0560080022', '$2y$10$LTzi7QWQ9fPTYctPZyjM8.T11MqHiNsvsytcP1qU.S91s0PfrAv8q', NULL, NULL, NULL, NULL, NULL, NULL, NULL, NULL, 'fLqda7AMnPA:APA91bH3R1bztAUNoqjXywYCRX0b0D74JuIfoE8uT-3pAEFRffe7BW9QNaJPS9BPfz71NLDE0UQCk-jZnmPO75Xq6889xXxY4uyRYR2xrCfFDPJsyEKS4nvon3Frqs5sPj5zS5JkMxst', '1', '0', '1', NULL, '2020-05-05 18:44:51', '2020-05-05 18:45:03'),
(149, 2, 'iopl', '56658656865', '$2y$10$bOc1zSyLRMTI.aNiFwbnROMb2jScsRJZjmdyoVQmpy5rUBa8dTVJa', '42.848404347896576', '18.32727680187787', 'وسط تندحة، تندحة السعودية', NULL, NULL, NULL, '2', '1', 'fLqda7AMnPA:APA91bH3R1bztAUNoqjXywYCRX0b0D74JuIfoE8uT-3pAEFRffe7BW9QNaJPS9BPfz71NLDE0UQCk-jZnmPO75Xq6889xXxY4uyRYR2xrCfFDPJsyEKS4nvon3Frqs5sPj5zS5JkMxst', '1', '0', '1', NULL, '2020-05-08 20:19:37', '2020-05-08 20:51:10'),
(150, 0, 'ioiiu', '0535767509', '$2y$10$IDyyGcmhSRFrd70OPoDTMeZ3hVbqEdr.6oidnu4wqPb2.TUIONcda', NULL, NULL, NULL, NULL, NULL, NULL, NULL, NULL, 'fLqda7AMnPA:APA91bH3R1bztAUNoqjXywYCRX0b0D74JuIfoE8uT-3pAEFRffe7BW9QNaJPS9BPfz71NLDE0UQCk-jZnmPO75Xq6889xXxY4uyRYR2xrCfFDPJsyEKS4nvon3Frqs5sPj5zS5JkMxst', '1', '0', '1', NULL, '2020-05-10 16:50:26', '2020-05-10 16:50:41'),
(151, 1, 'uyuuy', '0555740100', '$2y$10$C.1YSoookrbHTrjxWTF0Tup9NY.vdh/3sDgWHiv0WYKYPtP9e2hni', '42.84596689045429', '18.33001994531537', 'وسط تندحة، تندحة السعودية', 'b653794237e52450df4f0de10b2543bd.jpg', NULL, NULL, '2', '1', 'fLqda7AMnPA:APA91bH3R1bztAUNoqjXywYCRX0b0D74JuIfoE8uT-3pAEFRffe7BW9QNaJPS9BPfz71NLDE0UQCk-jZnmPO75Xq6889xXxY4uyRYR2xrCfFDPJsyEKS4nvon3Frqs5sPj5zS5JkMxst', '1', '0', '1', NULL, '2020-05-12 19:22:09', '2020-05-12 19:32:31'),
(152, 0, 'adel', '01009', '$2y$10$ivz0dnXxryMB95Eu6ZN7def7UBj3rEEuSsL1q0Tn.N725VjymhfzC', NULL, NULL, NULL, NULL, NULL, NULL, NULL, NULL, 'f1pp0lcEgic:APA91bH7G5TAgvzp-x1L0o-Pnk_nW9o6jI7Wedv7klfG3_qC-BNeFecq50T1HCrEX_uSs014ByaAOvPgHN2fh9FprTRPRlCItGFGbzESz0NAOMVPc5DtBux3kfUgvYbWz1-GPXNtEwL1', '1', '0', '1', NULL, '2020-05-12 19:45:03', '2020-05-12 19:45:17'),
(153, 2, 'dev_adel', '010099', '$2y$10$9cv7LQkxi6I2K.Kt9IPXyewuYlMC/fv.EeDkZfycZ0pd2YE25a85.', '-118.25411181896924', '33.985804907788925', '1171 E 59th Pl, Los Angeles, CA 90001، الولايات المتحدة', NULL, NULL, NULL, '1', '1', NULL, '1', '0', '1', NULL, '2020-05-12 19:54:31', '2020-05-12 19:58:53'),
(154, 0, 'udueheu', '0555652435', '$2y$10$k6snrPAajyS04tdEE5f2ze4rlaKo2CRrNnITCZqy.Ykg6SpWcJn/y', NULL, NULL, NULL, NULL, NULL, NULL, NULL, NULL, 'fLqda7AMnPA:APA91bH3R1bztAUNoqjXywYCRX0b0D74JuIfoE8uT-3pAEFRffe7BW9QNaJPS9BPfz71NLDE0UQCk-jZnmPO75Xq6889xXxY4uyRYR2xrCfFDPJsyEKS4nvon3Frqs5sPj5zS5JkMxst', '1', '0', '1', NULL, '2020-05-12 19:56:59', '2020-05-12 20:52:57'),
(155, 0, 'iioiip', '0501387261', '$2y$10$FxPryDK5r3AHNUOpeIvGkez0oqE106yo.2HnO3faS6thkKm.MF1rq', NULL, NULL, NULL, NULL, NULL, NULL, NULL, NULL, NULL, '1', '0', '35873', NULL, '2020-06-05 11:23:49', '2020-06-05 11:23:49'),
(156, 0, 'googl', '0508181834', '$2y$10$4pFIo6r8LiEZlSF.ZeHw1ebs.JNeXPnmuHlfoOVOtj4HdUTb96HcC', NULL, NULL, NULL, NULL, NULL, NULL, NULL, NULL, NULL, '1', '0', '17962', NULL, '2020-06-21 18:30:06', '2020-06-21 18:30:06');

-- --------------------------------------------------------

--
-- بنية الجدول `vendor_details`
--

CREATE TABLE `vendor_details` (
  `id` bigint(20) UNSIGNED NOT NULL,
  `vendor_id` bigint(20) NOT NULL,
  `rate` tinyint(3) UNSIGNED NOT NULL DEFAULT 0,
  `description` text COLLATE utf8mb4_unicode_ci DEFAULT NULL,
  `cover_image` varchar(255) COLLATE utf8mb4_unicode_ci DEFAULT NULL,
  `membership_image` varchar(191) COLLATE utf8mb4_unicode_ci DEFAULT NULL,
  `whatsapp` varchar(255) COLLATE utf8mb4_unicode_ci DEFAULT NULL,
  `facebook` varchar(255) COLLATE utf8mb4_unicode_ci DEFAULT NULL,
  `twitter` varchar(255) COLLATE utf8mb4_unicode_ci DEFAULT NULL,
  `instagram` varchar(255) COLLATE utf8mb4_unicode_ci DEFAULT NULL,
  `subscription_end` datetime DEFAULT NULL,
  `created_at` timestamp NULL DEFAULT NULL,
  `updated_at` timestamp NULL DEFAULT NULL
) ENGINE=InnoDB DEFAULT CHARSET=utf8mb4 COLLATE=utf8mb4_unicode_ci;

--
-- إرجاع أو استيراد بيانات الجدول `vendor_details`
--

INSERT INTO `vendor_details` (`id`, `vendor_id`, `rate`, `description`, `cover_image`, `membership_image`, `whatsapp`, `facebook`, `twitter`, `instagram`, `subscription_end`, `created_at`, `updated_at`) VALUES
(46, 116, 0, NULL, NULL, NULL, NULL, NULL, NULL, NULL, NULL, '2020-04-13 10:45:10', '2020-04-13 10:45:10'),
(47, 117, 0, NULL, NULL, NULL, NULL, NULL, NULL, NULL, NULL, '2020-04-13 11:04:02', '2020-04-13 11:04:02'),
(48, 118, 0, NULL, NULL, NULL, NULL, NULL, NULL, NULL, NULL, '2020-04-13 11:08:47', '2020-04-13 11:08:47'),
(49, 119, 4, NULL, 'cover_ad9173eb03823157094121b88c3b1a97.jpeg', NULL, NULL, NULL, NULL, NULL, '2020-04-17 14:57:32', '2020-04-13 12:44:16', '2020-05-05 06:31:30'),
(50, 121, 1, 'fufur', 'cover_d63d3828b1fd629c159f387d9070b358.jpg', NULL, 'fuf', '8t8t', 'oy9y', 'tog', NULL, '2020-04-13 13:14:53', '2020-04-26 11:28:23'),
(51, 122, 0, NULL, 'cover_5261bee5f0320dfec4de554e2d45db02.jpeg', NULL, NULL, NULL, NULL, NULL, NULL, '2020-04-14 08:10:37', '2020-04-29 02:10:06'),
(52, 125, 0, NULL, NULL, NULL, NULL, NULL, NULL, NULL, '2020-04-29 14:32:06', '2020-04-17 12:31:13', '2020-04-17 12:32:38'),
(53, 128, 0, NULL, 'cover_c38e2393c7d84ffa38e6811256178d1e.jpg', NULL, NULL, NULL, NULL, NULL, NULL, '2020-04-18 18:53:44', '2020-04-18 18:55:57'),
(54, 130, 0, NULL, NULL, NULL, NULL, NULL, NULL, NULL, NULL, '2020-04-19 02:43:19', '2020-04-19 02:43:19'),
(55, 133, 0, NULL, 'cover_038b21face7bf98363904acc068f5b99.jpg', NULL, NULL, NULL, NULL, NULL, '2020-06-06 08:09:56', '2020-04-19 06:09:05', '2020-04-19 06:32:11'),
(56, 134, 0, NULL, NULL, NULL, NULL, NULL, NULL, NULL, NULL, '2020-04-19 06:33:42', '2020-04-19 06:33:42'),
(57, 136, 0, NULL, 'cover_b2b958f3603612806c79fdbb763ad221.jpg', NULL, NULL, NULL, NULL, NULL, '2020-05-07 12:52:59', '2020-04-19 10:33:32', '2020-04-19 10:55:22'),
(58, 139, 0, NULL, NULL, NULL, NULL, NULL, NULL, NULL, NULL, '2020-04-26 21:35:03', '2020-04-26 21:35:03'),
(59, 142, 0, NULL, NULL, NULL, NULL, NULL, NULL, NULL, NULL, '2020-05-05 05:51:38', '2020-05-05 05:51:38'),
(60, 143, 0, NULL, 'cover_9d7e3801db1ba80e4e6ee2d9d62f890c.jpg', NULL, NULL, NULL, NULL, NULL, NULL, '2020-05-05 06:23:09', '2020-05-05 06:25:08'),
(61, 144, 0, NULL, NULL, NULL, NULL, NULL, NULL, NULL, NULL, '2020-05-05 06:26:56', '2020-05-05 06:26:56'),
(62, 145, 0, NULL, NULL, NULL, NULL, NULL, NULL, NULL, NULL, '2020-05-05 06:29:39', '2020-05-05 06:29:39'),
(63, 147, 0, NULL, NULL, NULL, NULL, NULL, NULL, NULL, NULL, '2020-05-05 06:36:07', '2020-05-05 06:36:07'),
(64, 149, 0, NULL, NULL, NULL, NULL, NULL, NULL, NULL, '2020-05-10 22:20:48', '2020-05-08 20:19:37', '2020-05-08 20:20:48'),
(65, 151, 0, 'ترنيتيمرهبويمب  نيهيتيخبتب بنبتيزمبنبني يزبخبتبكبني', 'cover_488166f96112762048bb55fa0d394348.jpg', NULL, '٠٥٠٨١٨١٨٤٣', 'h8-p', NULL, 'xx_3', NULL, '2020-05-12 19:22:09', '2020-05-12 19:34:02'),
(66, 153, 0, NULL, NULL, NULL, 'يبلبيل', 'يبليبلي', 'ثقفقلشس', 'بليلثشقف', '2020-05-24 21:57:21', '2020-05-12 19:54:31', '2020-05-12 19:58:42');

-- --------------------------------------------------------

--
-- بنية الجدول `vendor_plans`
--

CREATE TABLE `vendor_plans` (
  `id` bigint(20) UNSIGNED NOT NULL,
  `vendor_id` int(10) UNSIGNED NOT NULL,
  `plan_id` int(10) UNSIGNED NOT NULL,
  `created_at` timestamp NULL DEFAULT NULL,
  `updated_at` timestamp NULL DEFAULT NULL
) ENGINE=InnoDB DEFAULT CHARSET=utf8mb4 COLLATE=utf8mb4_unicode_ci;

--
-- Indexes for dumped tables
--

--
-- Indexes for table `admins`
--
ALTER TABLE `admins`
  ADD PRIMARY KEY (`id`);

--
-- Indexes for table `ads`
--
ALTER TABLE `ads`
  ADD PRIMARY KEY (`id`);

--
-- Indexes for table `attaches`
--
ALTER TABLE `attaches`
  ADD PRIMARY KEY (`id`);

--
-- Indexes for table `categories`
--
ALTER TABLE `categories`
  ADD PRIMARY KEY (`id`);

--
-- Indexes for table `cities`
--
ALTER TABLE `cities`
  ADD PRIMARY KEY (`id`);

--
-- Indexes for table `contact_us`
--
ALTER TABLE `contact_us`
  ADD PRIMARY KEY (`id`);

--
-- Indexes for table `faq`
--
ALTER TABLE `faq`
  ADD PRIMARY KEY (`id`);

--
-- Indexes for table `favorites`
--
ALTER TABLE `favorites`
  ADD PRIMARY KEY (`id`);

--
-- Indexes for table `migrations`
--
ALTER TABLE `migrations`
  ADD PRIMARY KEY (`id`);

--
-- Indexes for table `notifications`
--
ALTER TABLE `notifications`
  ADD PRIMARY KEY (`id`);

--
-- Indexes for table `plans`
--
ALTER TABLE `plans`
  ADD PRIMARY KEY (`id`);

--
-- Indexes for table `rates`
--
ALTER TABLE `rates`
  ADD PRIMARY KEY (`id`);

--
-- Indexes for table `rooms`
--
ALTER TABLE `rooms`
  ADD PRIMARY KEY (`id`);

--
-- Indexes for table `room_messages`
--
ALTER TABLE `room_messages`
  ADD PRIMARY KEY (`id`),
  ADD KEY `room_messages_room_id_foreign` (`room_id`),
  ADD KEY `room_messages_user_id_foreign` (`user_id`);

--
-- Indexes for table `salecodes`
--
ALTER TABLE `salecodes`
  ADD PRIMARY KEY (`id`);

--
-- Indexes for table `settings`
--
ALTER TABLE `settings`
  ADD PRIMARY KEY (`id`);

--
-- Indexes for table `users`
--
ALTER TABLE `users`
  ADD PRIMARY KEY (`id`);

--
-- Indexes for table `vendor_details`
--
ALTER TABLE `vendor_details`
  ADD PRIMARY KEY (`id`);

--
-- Indexes for table `vendor_plans`
--
ALTER TABLE `vendor_plans`
  ADD PRIMARY KEY (`id`);

--
-- AUTO_INCREMENT for dumped tables
--

--
-- AUTO_INCREMENT for table `admins`
--
ALTER TABLE `admins`
  MODIFY `id` int(10) UNSIGNED NOT NULL AUTO_INCREMENT, AUTO_INCREMENT=2;

--
-- AUTO_INCREMENT for table `ads`
--
ALTER TABLE `ads`
  MODIFY `id` int(10) UNSIGNED NOT NULL AUTO_INCREMENT, AUTO_INCREMENT=6;

--
-- AUTO_INCREMENT for table `attaches`
--
ALTER TABLE `attaches`
  MODIFY `id` bigint(20) UNSIGNED NOT NULL AUTO_INCREMENT, AUTO_INCREMENT=118;

--
-- AUTO_INCREMENT for table `categories`
--
ALTER TABLE `categories`
  MODIFY `id` int(10) UNSIGNED NOT NULL AUTO_INCREMENT, AUTO_INCREMENT=2;

--
-- AUTO_INCREMENT for table `cities`
--
ALTER TABLE `cities`
  MODIFY `id` int(10) UNSIGNED NOT NULL AUTO_INCREMENT, AUTO_INCREMENT=3;

--
-- AUTO_INCREMENT for table `contact_us`
--
ALTER TABLE `contact_us`
  MODIFY `id` int(10) UNSIGNED NOT NULL AUTO_INCREMENT, AUTO_INCREMENT=25;

--
-- AUTO_INCREMENT for table `faq`
--
ALTER TABLE `faq`
  MODIFY `id` int(10) UNSIGNED NOT NULL AUTO_INCREMENT, AUTO_INCREMENT=5;

--
-- AUTO_INCREMENT for table `favorites`
--
ALTER TABLE `favorites`
  MODIFY `id` bigint(20) UNSIGNED NOT NULL AUTO_INCREMENT, AUTO_INCREMENT=108;

--
-- AUTO_INCREMENT for table `migrations`
--
ALTER TABLE `migrations`
  MODIFY `id` int(10) UNSIGNED NOT NULL AUTO_INCREMENT, AUTO_INCREMENT=21;

--
-- AUTO_INCREMENT for table `notifications`
--
ALTER TABLE `notifications`
  MODIFY `id` bigint(20) UNSIGNED NOT NULL AUTO_INCREMENT;

--
-- AUTO_INCREMENT for table `plans`
--
ALTER TABLE `plans`
  MODIFY `id` int(10) UNSIGNED NOT NULL AUTO_INCREMENT, AUTO_INCREMENT=4;

--
-- AUTO_INCREMENT for table `rates`
--
ALTER TABLE `rates`
  MODIFY `id` bigint(20) UNSIGNED NOT NULL AUTO_INCREMENT, AUTO_INCREMENT=27;

--
-- AUTO_INCREMENT for table `rooms`
--
ALTER TABLE `rooms`
  MODIFY `id` bigint(20) UNSIGNED NOT NULL AUTO_INCREMENT, AUTO_INCREMENT=57;

--
-- AUTO_INCREMENT for table `room_messages`
--
ALTER TABLE `room_messages`
  MODIFY `id` bigint(20) UNSIGNED NOT NULL AUTO_INCREMENT, AUTO_INCREMENT=259;

--
-- AUTO_INCREMENT for table `salecodes`
--
ALTER TABLE `salecodes`
  MODIFY `id` int(10) NOT NULL AUTO_INCREMENT, AUTO_INCREMENT=226;

--
-- AUTO_INCREMENT for table `settings`
--
ALTER TABLE `settings`
  MODIFY `id` int(10) UNSIGNED NOT NULL AUTO_INCREMENT, AUTO_INCREMENT=9;

--
-- AUTO_INCREMENT for table `users`
--
ALTER TABLE `users`
  MODIFY `id` bigint(20) UNSIGNED NOT NULL AUTO_INCREMENT, AUTO_INCREMENT=157;

--
-- AUTO_INCREMENT for table `vendor_details`
--
ALTER TABLE `vendor_details`
  MODIFY `id` bigint(20) UNSIGNED NOT NULL AUTO_INCREMENT, AUTO_INCREMENT=67;

--
-- AUTO_INCREMENT for table `vendor_plans`
--
ALTER TABLE `vendor_plans`
  MODIFY `id` bigint(20) UNSIGNED NOT NULL AUTO_INCREMENT;

--
-- قيود الجداول المحفوظة
--

--
-- القيود للجدول `room_messages`
--
ALTER TABLE `room_messages`
  ADD CONSTRAINT `room_messages_room_id_foreign` FOREIGN KEY (`room_id`) REFERENCES `rooms` (`id`) ON DELETE CASCADE,
  ADD CONSTRAINT `room_messages_user_id_foreign` FOREIGN KEY (`user_id`) REFERENCES `users` (`id`) ON DELETE CASCADE;
COMMIT;

/*!40101 SET CHARACTER_SET_CLIENT=@OLD_CHARACTER_SET_CLIENT */;
/*!40101 SET CHARACTER_SET_RESULTS=@OLD_CHARACTER_SET_RESULTS */;
/*!40101 SET COLLATION_CONNECTION=@OLD_COLLATION_CONNECTION */;
